[Architectury Transformer DEBUG] 
[Architectury Transformer DEBUG] ============================
[Architectury Transformer DEBUG] Transforming from C:\Users\nicod\Downloads\stuck_arrows_for_all-1.21.11\stuck_arrows_for_all-1.21.11\common\build\devlibs\entity_pin_cushions-common-1.21.11-1.1-dev.jar to C:\Users\nicod\Downloads\stuck_arrows_for_all-1.21.11\stuck_arrows_for_all-1.21.11\common\build\libs\entity_pin_cushions-common-1.21.11-1.1-transformProductionFabric.jar
[Architectury Transformer DEBUG] ============================
[Architectury Transformer DEBUG] 
[Architectury Transformer DEBUG] Transforming 5 transformer(s) from C:\Users\nicod\Downloads\stuck_arrows_for_all-1.21.11\stuck_arrows_for_all-1.21.11\common\build\devlibs\entity_pin_cushions-common-1.21.11-1.1-dev.jar to C:\Users\nicod\Downloads\stuck_arrows_for_all-1.21.11\stuck_arrows_for_all-1.21.11\common\build\libs\entity_pin_cushions-common-1.21.11-1.1-transformProductionFabric.jar: 
[Architectury Transformer DEBUG]  - dev.architectury.transformer.transformers.RemapMixinVariables@17fe3ebb
[Architectury Transformer DEBUG]  - dev.architectury.transformer.transformers.TransformExpectPlatform@484403db
[Architectury Transformer DEBUG]  - dev.architectury.transformer.transformers.RemapInjectables@579f35f8
[Architectury Transformer DEBUG]  - AddRefmapName(enabled=() -> kotlin.Boolean)
[Architectury Transformer DEBUG]  - dev.architectury.transformer.transformers.TransformPlatformOnly@a070d9d
[Architectury Transformer DEBUG] Transforming from C:\Users\nicod\Downloads\stuck_arrows_for_all-1.21.11\stuck_arrows_for_all-1.21.11\common\build\devlibs\entity_pin_cushions-common-1.21.11-1.1-dev.jar to C:\Users\nicod\Downloads\stuck_arrows_for_all-1.21.11\stuck_arrows_for_all-1.21.11\common\build\libs\entity_pin_cushions-common-1.21.11-1.1-transformProductionFabric.jar with 5 transformer(s) on dev.architectury.transformer.handler.SimpleTransformerHandler
[Architectury Transformer DEBUG] Reading mixin mappings file: C:\Users\nicod\Downloads\stuck_arrows_for_all-1.21.11\stuck_arrows_for_all-1.21.11\common\build\loom-cache\mixin-map-loom.mappings.1_21_11.layered+hash.40545-v2.main.tiny
[Architectury Transformer DEBUG] Remapping with 1 mapping provider(s):
[Architectury Transformer DEBUG]  - dev.architectury.transformer.shadowed.impl.dev.architectury.tinyremapper.TinyUtils$$Lambda/0x00000000255a1e28@54a605cb
[Architectury Transformer DEBUG] Provided 65 classpath jar(s):
[Architectury Transformer DEBUG]  - C:\Users\nicod\.gradle\caches\modules-2\files-2.1\dev.architectury\architectury-injectables\1.0.10\62db2a366d662606d1b23ad02ccc3212ed37ec3\architectury-injectables-1.0.10.jar
[Architectury Transformer DEBUG]  - C:\Users\nicod\.gradle\caches\modules-2\files-2.1\net.fabricmc\fabric-loader\0.19.5\ff9e65cffca4a67f31523e1807fe0855940fcbfa\fabric-loader-0.19.5.jar
[Architectury Transformer DEBUG]  - C:\Users\nicod\.gradle\caches\modules-2\files-2.1\org.jetbrains\annotations\26.0.2\c7ce3cdeda3d18909368dfe5977332dfad326c6d\annotations-26.0.2.jar
[Architectury Transformer DEBUG]  - C:\Users\nicod\.gradle\caches\modules-2\files-2.1\org.ow2.asm\asm\9.10.1\ada2141c0cc52ee8f5c48cd5fa4ce0e794f22236\asm-9.10.1.jar
[Architectury Transformer DEBUG]  - C:\Users\nicod\.gradle\caches\modules-2\files-2.1\org.ow2.asm\asm-analysis\9.10.1\8d49f14d51f632cb1d87c88d1ceaf50db0d8af1b\asm-analysis-9.10.1.jar
[Architectury Transformer DEBUG]  - C:\Users\nicod\.gradle\caches\modules-2\files-2.1\org.ow2.asm\asm-commons\9.10.1\4229e4c55fd8e01c23f9fe9884075cc628aacc50\asm-commons-9.10.1.jar
[Architectury Transformer DEBUG]  - C:\Users\nicod\.gradle\caches\modules-2\files-2.1\org.ow2.asm\asm-tree\9.10.1\e244332a17564c1d1572449399a842de35881be2\asm-tree-9.10.1.jar
[Architectury Transformer DEBUG]  - C:\Users\nicod\.gradle\caches\modules-2\files-2.1\org.ow2.asm\asm-util\9.10.1\7bb9d450e8d4cbf9f9e04096c44bbfe7fba80b15\asm-util-9.10.1.jar
[Architectury Transformer DEBUG]  - C:\Users\nicod\.gradle\caches\modules-2\files-2.1\net.fabricmc\sponge-mixin\0.17.3+mixin.0.8.7\41c4a3984a80f4679e759fb9f495587acc5cdac7\sponge-mixin-0.17.3+mixin.0.8.7.jar
[Architectury Transformer DEBUG]  - C:\Users\nicod\.gradle\caches\modules-2\files-2.1\io.github.llamalad7\mixinextras-fabric\0.5.4\5e167154bcb9942111313a5e186e16cd7265f858\mixinextras-fabric-0.5.4.jar
[Architectury Transformer DEBUG]  - C:\Users\nicod\.gradle\caches\modules-2\files-2.1\at.yawk.lz4\lz4-java\1.8.1\1f30a180ee04ccd53339a716aec13cae60a013b5\lz4-java-1.8.1.jar
[Architectury Transformer DEBUG]  - C:\Users\nicod\.gradle\caches\modules-2\files-2.1\com.azure\azure-json\1.4.0\fcc1d354dbc3e0300e5276b1bf124d0247799cd8\azure-json-1.4.0.jar
[Architectury Transformer DEBUG]  - C:\Users\nicod\.gradle\caches\modules-2\files-2.1\com.github.oshi\oshi-core\6.9.0\3224870731860cfcd7744581a05b559e94291e7\oshi-core-6.9.0.jar
[Architectury Transformer DEBUG]  - C:\Users\nicod\.gradle\caches\modules-2\files-2.1\com.google.code.gson\gson\2.13.2\48b8230771e573b54ce6e867a9001e75977fe78e\gson-2.13.2.jar
[Architectury Transformer DEBUG]  - C:\Users\nicod\.gradle\caches\modules-2\files-2.1\com.google.guava\failureaccess\1.0.3\aeaffd00d57023a2c947393ed251f0354f0985fc\failureaccess-1.0.3.jar
[Architectury Transformer DEBUG]  - C:\Users\nicod\.gradle\caches\modules-2\files-2.1\com.google.guava\guava\33.5.0-jre\8699de25f2f979108d6c1b804a7ba38cda1116bc\guava-33.5.0-jre.jar
[Architectury Transformer DEBUG]  - C:\Users\nicod\.gradle\caches\modules-2\files-2.1\com.ibm.icu\icu4j\77.1\38693cf0b1d7362a8b726af74dc06026a7c23809\icu4j-77.1.jar
[Architectury Transformer DEBUG]  - C:\Users\nicod\.gradle\caches\modules-2\files-2.1\com.microsoft.azure\msal4j\1.23.1\6c722b514873b24a4e1ce9c22dca36ea3c22bdbe\msal4j-1.23.1.jar
[Architectury Transformer DEBUG]  - C:\Users\nicod\.gradle\caches\modules-2\files-2.1\com.mojang\authlib\7.0.61\efee1e6b54e863108576eb3b3ae71144626aaefc\authlib-7.0.61.jar
[Architectury Transformer DEBUG]  - C:\Users\nicod\.gradle\caches\modules-2\files-2.1\com.mojang\blocklist\1.0.10\5c685c5ffa94c4cd39496c7184c1d122e515ecef\blocklist-1.0.10.jar
[Architectury Transformer DEBUG]  - C:\Users\nicod\.gradle\caches\modules-2\files-2.1\com.mojang\brigadier\1.3.10\d15b53a14cf20fdcaa98f731af5dda654452c010\brigadier-1.3.10.jar
[Architectury Transformer DEBUG]  - C:\Users\nicod\.gradle\caches\modules-2\files-2.1\com.mojang\datafixerupper\9.0.19\4e91f9712fa1e83231d1501625381b0210a977da\datafixerupper-9.0.19.jar
[Architectury Transformer DEBUG]  - C:\Users\nicod\.gradle\caches\modules-2\files-2.1\com.mojang\jtracy\1.0.37\a3fb649b2e2b2288d2978f0b0bc3d83f62809d1e\jtracy-1.0.37.jar
[Architectury Transformer DEBUG]  - C:\Users\nicod\.gradle\caches\modules-2\files-2.1\com.mojang\logging\1.6.11\fd147240733010c158249d986323f9ef98977fe\logging-1.6.11.jar
[Architectury Transformer DEBUG]  - C:\Users\nicod\.gradle\caches\modules-2\files-2.1\com.mojang\patchy\2.2.10\da05971b07cbb379d002cf7eaec6a2048211fefc\patchy-2.2.10.jar
[Architectury Transformer DEBUG]  - C:\Users\nicod\.gradle\caches\modules-2\files-2.1\com.mojang\text2speech\1.18.11\e853a12cdd6ba4f4836e8f4bf3b37844a13482b6\text2speech-1.18.11.jar
[Architectury Transformer DEBUG]  - C:\Users\nicod\.gradle\caches\modules-2\files-2.1\commons-codec\commons-codec\1.19.0\8c0dbe3ae883fceda9b50a6c76e745e548073388\commons-codec-1.19.0.jar
[Architectury Transformer DEBUG]  - C:\Users\nicod\.gradle\caches\modules-2\files-2.1\commons-io\commons-io\2.20.0\36f3474daec2849c149e877614e7f979b2082cd2\commons-io-2.20.0.jar
[Architectury Transformer DEBUG]  - C:\Users\nicod\.gradle\caches\modules-2\files-2.1\io.netty\netty-buffer\4.2.7.Final\5555ff561643bf2f8430fb57c24403c0efe15994\netty-buffer-4.2.7.Final.jar
[Architectury Transformer DEBUG]  - C:\Users\nicod\.gradle\caches\modules-2\files-2.1\io.netty\netty-codec-base\4.2.7.Final\915e381ebabcf115f1c7ff7032d55c48afb50210\netty-codec-base-4.2.7.Final.jar
[Architectury Transformer DEBUG]  - C:\Users\nicod\.gradle\caches\modules-2\files-2.1\io.netty\netty-codec-compression\4.2.7.Final\572341bc1ca90fd9d6e47f1d2694aab5258566e9\netty-codec-compression-4.2.7.Final.jar
[Architectury Transformer DEBUG]  - C:\Users\nicod\.gradle\caches\modules-2\files-2.1\io.netty\netty-codec-http\4.2.7.Final\b734c108854099c421fd94d92d9f865e4d4da853\netty-codec-http-4.2.7.Final.jar
[Architectury Transformer DEBUG]  - C:\Users\nicod\.gradle\caches\modules-2\files-2.1\io.netty\netty-common\4.2.7.Final\11aa30df26af4fca3239ac1917f303a280f301e1\netty-common-4.2.7.Final.jar
[Architectury Transformer DEBUG]  - C:\Users\nicod\.gradle\caches\modules-2\files-2.1\io.netty\netty-handler\4.2.7.Final\7ad8a1f851e2e6fe93cdd091871fda2b81c03b5b\netty-handler-4.2.7.Final.jar
[Architectury Transformer DEBUG]  - C:\Users\nicod\.gradle\caches\modules-2\files-2.1\io.netty\netty-resolver\4.2.7.Final\5f3e5ef8de03992cd4fb46960dc0085ec1a12a12\netty-resolver-4.2.7.Final.jar
[Architectury Transformer DEBUG]  - C:\Users\nicod\.gradle\caches\modules-2\files-2.1\io.netty\netty-transport-classes-epoll\4.2.7.Final\1075c09f48a78eef9d819fbfd9096b903fdd362a\netty-transport-classes-epoll-4.2.7.Final.jar
[Architectury Transformer DEBUG]  - C:\Users\nicod\.gradle\caches\modules-2\files-2.1\io.netty\netty-transport-classes-kqueue\4.2.7.Final\bdec7c23c75caabd848426d073c09568e8d5f94e\netty-transport-classes-kqueue-4.2.7.Final.jar
[Architectury Transformer DEBUG]  - C:\Users\nicod\.gradle\caches\modules-2\files-2.1\io.netty\netty-transport-native-unix-common\4.2.7.Final\89953f04259ea7502cffb313630dd51e00e60669\netty-transport-native-unix-common-4.2.7.Final.jar
[Architectury Transformer DEBUG]  - C:\Users\nicod\.gradle\caches\modules-2\files-2.1\io.netty\netty-transport\4.2.7.Final\83ea548981d0d8c4a98027cc1a6f9624f902e142\netty-transport-4.2.7.Final.jar
[Architectury Transformer DEBUG]  - C:\Users\nicod\.gradle\caches\modules-2\files-2.1\it.unimi.dsi\fastutil\8.5.18\a6cff377eecc19c2037bf31568a6d7106b50ba1f\fastutil-8.5.18.jar
[Architectury Transformer DEBUG]  - C:\Users\nicod\.gradle\caches\modules-2\files-2.1\net.java.dev.jna\jna-platform\5.17.0\a4934c44d25a9d8c2ddf4203affd20330cb3426f\jna-platform-5.17.0.jar
[Architectury Transformer DEBUG]  - C:\Users\nicod\.gradle\caches\modules-2\files-2.1\net.java.dev.jna\jna\5.17.0\33d12735bef894440780fce64f9758d420c7bae2\jna-5.17.0.jar
[Architectury Transformer DEBUG]  - C:\Users\nicod\.gradle\caches\modules-2\files-2.1\net.sf.jopt-simple\jopt-simple\5.0.4\4fdac2fbe92dfad86aa6e9301736f6b4342a3f5c\jopt-simple-5.0.4.jar
[Architectury Transformer DEBUG]  - C:\Users\nicod\.gradle\caches\modules-2\files-2.1\org.apache.commons\commons-compress\1.28.0\e482f2c7a88dac3c497e96aa420b6a769f59c8d7\commons-compress-1.28.0.jar
[Architectury Transformer DEBUG]  - C:\Users\nicod\.gradle\caches\modules-2\files-2.1\org.apache.commons\commons-lang3\3.19.0\d6524b169a6574cd253760c472d419b47bfd37e6\commons-lang3-3.19.0.jar
[Architectury Transformer DEBUG]  - C:\Users\nicod\.gradle\caches\modules-2\files-2.1\org.apache.logging.log4j\log4j-api\2.25.2\292c1a2b1702f1e1e3adb13e1c57e5bff60335ff\log4j-api-2.25.2.jar
[Architectury Transformer DEBUG]  - C:\Users\nicod\.gradle\caches\modules-2\files-2.1\org.apache.logging.log4j\log4j-core\2.25.2\d4d0ad2e51e03e531f784891fbfff1bae1e13a12\log4j-core-2.25.2.jar
[Architectury Transformer DEBUG]  - C:\Users\nicod\.gradle\caches\modules-2\files-2.1\org.apache.logging.log4j\log4j-slf4j2-impl\2.25.2\5eec0c392661dee8a366baec17e8896900dd978f\log4j-slf4j2-impl-2.25.2.jar
[Architectury Transformer DEBUG]  - C:\Users\nicod\.gradle\caches\modules-2\files-2.1\org.jcraft\jorbis\0.0.17\8872d22b293e8f5d7d56ff92be966e6dc28ebdc6\jorbis-0.0.17.jar
[Architectury Transformer DEBUG]  - C:\Users\nicod\.gradle\caches\modules-2\files-2.1\org.joml\joml\1.10.8\fc0a71dad90a2cf41d82a76156a0e700af8e4f8d\joml-1.10.8.jar
[Architectury Transformer DEBUG]  - C:\Users\nicod\.gradle\caches\modules-2\files-2.1\org.jspecify\jspecify\1.0.0\7425a601c1c7ec76645a78d22b8c6a627edee507\jspecify-1.0.0.jar
[Architectury Transformer DEBUG]  - C:\Users\nicod\.gradle\caches\modules-2\files-2.1\org.lwjgl\lwjgl-freetype\3.3.3\a0db6c84a8becc8ca05f9dbfa985edc348a824c7\lwjgl-freetype-3.3.3.jar
[Architectury Transformer DEBUG]  - C:\Users\nicod\.gradle\caches\modules-2\files-2.1\org.lwjgl\lwjgl-glfw\3.3.3\efa1eb78c5ccd840e9f329717109b5e892d72f8e\lwjgl-glfw-3.3.3.jar
[Architectury Transformer DEBUG]  - C:\Users\nicod\.gradle\caches\modules-2\files-2.1\org.lwjgl\lwjgl-jemalloc\3.3.3\b543467b7ff3c6920539a88ee602d34098628be5\lwjgl-jemalloc-3.3.3.jar
[Architectury Transformer DEBUG]  - C:\Users\nicod\.gradle\caches\modules-2\files-2.1\org.lwjgl\lwjgl-openal\3.3.3\daada81ceb5fc0c291fbfdd4433cb8d9423577f2\lwjgl-openal-3.3.3.jar
[Architectury Transformer DEBUG]  - C:\Users\nicod\.gradle\caches\modules-2\files-2.1\org.lwjgl\lwjgl-opengl\3.3.3\2f6b0147078396a58979125a4c947664e98293a\lwjgl-opengl-3.3.3.jar
[Architectury Transformer DEBUG]  - C:\Users\nicod\.gradle\caches\modules-2\files-2.1\org.lwjgl\lwjgl-stb\3.3.3\25dd6161988d7e65f71d5065c99902402ee32746\lwjgl-stb-3.3.3.jar
[Architectury Transformer DEBUG]  - C:\Users\nicod\.gradle\caches\modules-2\files-2.1\org.lwjgl\lwjgl-tinyfd\3.3.3\82d755ca94b102e9ca77283b9e2dc46d1b15fbe5\lwjgl-tinyfd-3.3.3.jar
[Architectury Transformer DEBUG]  - C:\Users\nicod\.gradle\caches\modules-2\files-2.1\org.lwjgl\lwjgl\3.3.3\29589b5f87ed335a6c7e7ee6a5775f81f97ecb84\lwjgl-3.3.3.jar
[Architectury Transformer DEBUG]  - C:\Users\nicod\.gradle\caches\modules-2\files-2.1\org.slf4j\slf4j-api\2.0.17\d9e58ac9c7779ba3bf8142aff6c830617a7fe60f\slf4j-api-2.0.17.jar
[Architectury Transformer DEBUG]  - C:\Users\nicod\Downloads\stuck_arrows_for_all-1.21.11\stuck_arrows_for_all-1.21.11\.gradle\loom-cache\minecraftMaven\net\minecraft\minecraft-merged-06c5b3cb2e\1.21.11-loom.mappings.1_21_11.layered+hash.40545-v2\minecraft-merged-06c5b3cb2e-1.21.11-loom.mappings.1_21_11.layered+hash.40545-v2.jar
[Architectury Transformer DEBUG]  - C:\Users\nicod\.gradle\caches\modules-2\files-2.1\io.netty\netty-transport-native-epoll\4.2.7.Final\e83998bfc10b5289d9bcbe807c4079ef0eed8e6f\netty-transport-native-epoll-4.2.7.Final-linux-x86_64.jar
[Architectury Transformer DEBUG]  - C:\Users\nicod\.gradle\caches\modules-2\files-2.1\io.netty\netty-transport-native-epoll\4.2.7.Final\98d02251c98c8f07a23ac5ea27657d9e0ef57614\netty-transport-native-epoll-4.2.7.Final-linux-aarch_64.jar
[Architectury Transformer DEBUG]  - C:\Users\nicod\.gradle\caches\modules-2\files-2.1\io.netty\netty-transport-native-kqueue\4.2.7.Final\40868fd4e43bce2798245f790624b58803dc26b6\netty-transport-native-kqueue-4.2.7.Final-osx-x86_64.jar
[Architectury Transformer DEBUG]  - C:\Users\nicod\.gradle\caches\modules-2\files-2.1\io.netty\netty-transport-native-kqueue\4.2.7.Final\e5a0feef41410c8a5ae00c6cb4e0c99bd0aded6a\netty-transport-native-kqueue-4.2.7.Final-osx-aarch_64.jar
[Architectury Transformer] Read classpath in 2.276 s
[Architectury Transformer DEBUG] Remapping Classes:
[Architectury Transformer DEBUG] Found class transformer
[Architectury Transformer DEBUG] Writing traben/entity_pin_cushions/PinCushionLayer with maxs=true frames=true
[Architectury Transformer DEBUG] Writing traben/entity_pin_cushions/PinCushionLayer$BeeStingerLayer with maxs=true frames=true
[Architectury Transformer DEBUG] Writing traben/entity_pin_cushions/PinCushionLayer$ArrowLayer with maxs=true frames=true
[Architectury Transformer DEBUG] Writing traben/entity_pin_cushions/EntityPinCushions with maxs=true frames=true
[Architectury Transformer DEBUG] Writing traben/entity_pin_cushions/mixin/MixinAddLayer with maxs=true frames=true
[Architectury Transformer DEBUG] Writing traben/entity_pin_cushions/mixin/MixinEntityRenderDispatcher with maxs=true frames=true
[Architectury Transformer DEBUG] Checking whether /entity_pin_cushions.mixins.json is a mixin config.
[Architectury Transformer DEBUG] Checking whether /entity_pin_cushions-common-1.21.11-common-refmap.json is a mixin config.
[Architectury Transformer DEBUG] Found mixin config(s): /entity_pin_cushions.mixins.json
[Architectury Transformer DEBUG] Injecting entity_pin_cushions-common-1.21.11-common-refmap.json to /entity_pin_cushions.mixins.json
[Architectury Transformer DEBUG] Closed File Systems for C:\Users\nicod\Downloads\stuck_arrows_for_all-1.21.11\stuck_arrows_for_all-1.21.11\common\build\libs\entity_pin_cushions-common-1.21.11-1.1-transformProductionFabric.jar
[Architectury Transformer] Transformed jar with 5 transformer(s) in 3.003 s
[Architectury Transformer DEBUG] 
[Architectury Transformer DEBUG] ============================
[Architectury Transformer DEBUG] Transforming from C:\Users\nicod\Downloads\stuck_arrows_for_all-1.21.11\stuck_arrows_for_all-1.21.11\common\build\devlibs\entity_pin_cushions-common-1.21.11-1.1-dev.jar to C:\Users\nicod\Downloads\stuck_arrows_for_all-1.21.11\stuck_arrows_for_all-1.21.11\common\build\libs\entity_pin_cushions-common-1.21.11-1.1-transformProductionForge.jar
[Architectury Transformer DEBUG] ============================
[Architectury Transformer DEBUG] 
[Architectury Transformer DEBUG] Transforming 7 transformer(s) from C:\Users\nicod\Downloads\stuck_arrows_for_all-1.21.11\stuck_arrows_for_all-1.21.11\common\build\devlibs\entity_pin_cushions-common-1.21.11-1.1-dev.jar to C:\Users\nicod\Downloads\stuck_arrows_for_all-1.21.11\stuck_arrows_for_all-1.21.11\common\build\libs\entity_pin_cushions-common-1.21.11-1.1-transformProductionForge.jar: 
[Architectury Transformer DEBUG]  - dev.architectury.transformer.transformers.TransformExpectPlatform@4c191df8
[Architectury Transformer DEBUG]  - dev.architectury.transformer.transformers.RemapInjectables@601aff1f
[Architectury Transformer DEBUG]  - AddRefmapName(enabled=() -> kotlin.Boolean)
[Architectury Transformer DEBUG]  - dev.architectury.transformer.transformers.TransformPlatformOnly@378463f5
[Architectury Transformer DEBUG]  - dev.architectury.transformer.transformers.TransformForgeAnnotations@33444ac
[Architectury Transformer DEBUG]  - dev.architectury.transformer.transformers.TransformForgeEnvironment@2a7f8e1a
[Architectury Transformer DEBUG]  - dev.architectury.transformer.transformers.FixForgeMixin@610674a0
[Architectury Transformer DEBUG] Transforming from C:\Users\nicod\Downloads\stuck_arrows_for_all-1.21.11\stuck_arrows_for_all-1.21.11\common\build\devlibs\entity_pin_cushions-common-1.21.11-1.1-dev.jar to C:\Users\nicod\Downloads\stuck_arrows_for_all-1.21.11\stuck_arrows_for_all-1.21.11\common\build\libs\entity_pin_cushions-common-1.21.11-1.1-transformProductionForge.jar with 7 transformer(s) on dev.architectury.transformer.handler.SimpleTransformerHandler
[Architectury Transformer DEBUG] Remapping with 1 mapping provider(s):
[Architectury Transformer DEBUG]  - dev.architectury.transformer.transformers.TransformForgeEnvironment$$Lambda/0x00000000255e8958@54b90397
[Architectury Transformer DEBUG] Provided 65 classpath jar(s):
[Architectury Transformer DEBUG]  - C:\Users\nicod\.gradle\caches\modules-2\files-2.1\dev.architectury\architectury-injectables\1.0.10\62db2a366d662606d1b23ad02ccc3212ed37ec3\architectury-injectables-1.0.10.jar
[Architectury Transformer DEBUG]  - C:\Users\nicod\.gradle\caches\modules-2\files-2.1\net.fabricmc\fabric-loader\0.19.5\ff9e65cffca4a67f31523e1807fe0855940fcbfa\fabric-loader-0.19.5.jar
[Architectury Transformer DEBUG]  - C:\Users\nicod\.gradle\caches\modules-2\files-2.1\org.jetbrains\annotations\26.0.2\c7ce3cdeda3d18909368dfe5977332dfad326c6d\annotations-26.0.2.jar
[Architectury Transformer DEBUG]  - C:\Users\nicod\.gradle\caches\modules-2\files-2.1\org.ow2.asm\asm\9.10.1\ada2141c0cc52ee8f5c48cd5fa4ce0e794f22236\asm-9.10.1.jar
[Architectury Transformer DEBUG]  - C:\Users\nicod\.gradle\caches\modules-2\files-2.1\org.ow2.asm\asm-analysis\9.10.1\8d49f14d51f632cb1d87c88d1ceaf50db0d8af1b\asm-analysis-9.10.1.jar
[Architectury Transformer DEBUG]  - C:\Users\nicod\.gradle\caches\modules-2\files-2.1\org.ow2.asm\asm-commons\9.10.1\4229e4c55fd8e01c23f9fe9884075cc628aacc50\asm-commons-9.10.1.jar
[Architectury Transformer DEBUG]  - C:\Users\nicod\.gradle\caches\modules-2\files-2.1\org.ow2.asm\asm-tree\9.10.1\e244332a17564c1d1572449399a842de35881be2\asm-tree-9.10.1.jar
[Architectury Transformer DEBUG]  - C:\Users\nicod\.gradle\caches\modules-2\files-2.1\org.ow2.asm\asm-util\9.10.1\7bb9d450e8d4cbf9f9e04096c44bbfe7fba80b15\asm-util-9.10.1.jar
[Architectury Transformer DEBUG]  - C:\Users\nicod\.gradle\caches\modules-2\files-2.1\net.fabricmc\sponge-mixin\0.17.3+mixin.0.8.7\41c4a3984a80f4679e759fb9f495587acc5cdac7\sponge-mixin-0.17.3+mixin.0.8.7.jar
[Architectury Transformer DEBUG]  - C:\Users\nicod\.gradle\caches\modules-2\files-2.1\io.github.llamalad7\mixinextras-fabric\0.5.4\5e167154bcb9942111313a5e186e16cd7265f858\mixinextras-fabric-0.5.4.jar
[Architectury Transformer DEBUG]  - C:\Users\nicod\.gradle\caches\modules-2\files-2.1\at.yawk.lz4\lz4-java\1.8.1\1f30a180ee04ccd53339a716aec13cae60a013b5\lz4-java-1.8.1.jar
[Architectury Transformer DEBUG]  - C:\Users\nicod\.gradle\caches\modules-2\files-2.1\com.azure\azure-json\1.4.0\fcc1d354dbc3e0300e5276b1bf124d0247799cd8\azure-json-1.4.0.jar
[Architectury Transformer DEBUG]  - C:\Users\nicod\.gradle\caches\modules-2\files-2.1\com.github.oshi\oshi-core\6.9.0\3224870731860cfcd7744581a05b559e94291e7\oshi-core-6.9.0.jar
[Architectury Transformer DEBUG]  - C:\Users\nicod\.gradle\caches\modules-2\files-2.1\com.google.code.gson\gson\2.13.2\48b8230771e573b54ce6e867a9001e75977fe78e\gson-2.13.2.jar
[Architectury Transformer DEBUG]  - C:\Users\nicod\.gradle\caches\modules-2\files-2.1\com.google.guava\failureaccess\1.0.3\aeaffd00d57023a2c947393ed251f0354f0985fc\failureaccess-1.0.3.jar
[Architectury Transformer DEBUG]  - C:\Users\nicod\.gradle\caches\modules-2\files-2.1\com.google.guava\guava\33.5.0-jre\8699de25f2f979108d6c1b804a7ba38cda1116bc\guava-33.5.0-jre.jar
[Architectury Transformer DEBUG]  - C:\Users\nicod\.gradle\caches\modules-2\files-2.1\com.ibm.icu\icu4j\77.1\38693cf0b1d7362a8b726af74dc06026a7c23809\icu4j-77.1.jar
[Architectury Transformer DEBUG]  - C:\Users\nicod\.gradle\caches\modules-2\files-2.1\com.microsoft.azure\msal4j\1.23.1\6c722b514873b24a4e1ce9c22dca36ea3c22bdbe\msal4j-1.23.1.jar
[Architectury Transformer DEBUG]  - C:\Users\nicod\.gradle\caches\modules-2\files-2.1\com.mojang\authlib\7.0.61\efee1e6b54e863108576eb3b3ae71144626aaefc\authlib-7.0.61.jar
[Architectury Transformer DEBUG]  - C:\Users\nicod\.gradle\caches\modules-2\files-2.1\com.mojang\blocklist\1.0.10\5c685c5ffa94c4cd39496c7184c1d122e515ecef\blocklist-1.0.10.jar
[Architectury Transformer DEBUG]  - C:\Users\nicod\.gradle\caches\modules-2\files-2.1\com.mojang\brigadier\1.3.10\d15b53a14cf20fdcaa98f731af5dda654452c010\brigadier-1.3.10.jar
[Architectury Transformer DEBUG]  - C:\Users\nicod\.gradle\caches\modules-2\files-2.1\com.mojang\datafixerupper\9.0.19\4e91f9712fa1e83231d1501625381b0210a977da\datafixerupper-9.0.19.jar
[Architectury Transformer DEBUG]  - C:\Users\nicod\.gradle\caches\modules-2\files-2.1\com.mojang\jtracy\1.0.37\a3fb649b2e2b2288d2978f0b0bc3d83f62809d1e\jtracy-1.0.37.jar
[Architectury Transformer DEBUG]  - C:\Users\nicod\.gradle\caches\modules-2\files-2.1\com.mojang\logging\1.6.11\fd147240733010c158249d986323f9ef98977fe\logging-1.6.11.jar
[Architectury Transformer DEBUG]  - C:\Users\nicod\.gradle\caches\modules-2\files-2.1\com.mojang\patchy\2.2.10\da05971b07cbb379d002cf7eaec6a2048211fefc\patchy-2.2.10.jar
[Architectury Transformer DEBUG]  - C:\Users\nicod\.gradle\caches\modules-2\files-2.1\com.mojang\text2speech\1.18.11\e853a12cdd6ba4f4836e8f4bf3b37844a13482b6\text2speech-1.18.11.jar
[Architectury Transformer DEBUG]  - C:\Users\nicod\.gradle\caches\modules-2\files-2.1\commons-codec\commons-codec\1.19.0\8c0dbe3ae883fceda9b50a6c76e745e548073388\commons-codec-1.19.0.jar
[Architectury Transformer DEBUG]  - C:\Users\nicod\.gradle\caches\modules-2\files-2.1\commons-io\commons-io\2.20.0\36f3474daec2849c149e877614e7f979b2082cd2\commons-io-2.20.0.jar
[Architectury Transformer DEBUG]  - C:\Users\nicod\.gradle\caches\modules-2\files-2.1\io.netty\netty-buffer\4.2.7.Final\5555ff561643bf2f8430fb57c24403c0efe15994\netty-buffer-4.2.7.Final.jar
[Architectury Transformer DEBUG]  - C:\Users\nicod\.gradle\caches\modules-2\files-2.1\io.netty\netty-codec-base\4.2.7.Final\915e381ebabcf115f1c7ff7032d55c48afb50210\netty-codec-base-4.2.7.Final.jar
[Architectury Transformer DEBUG]  - C:\Users\nicod\.gradle\caches\modules-2\files-2.1\io.netty\netty-codec-compression\4.2.7.Final\572341bc1ca90fd9d6e47f1d2694aab5258566e9\netty-codec-compression-4.2.7.Final.jar
[Architectury Transformer DEBUG]  - C:\Users\nicod\.gradle\caches\modules-2\files-2.1\io.netty\netty-codec-http\4.2.7.Final\b734c108854099c421fd94d92d9f865e4d4da853\netty-codec-http-4.2.7.Final.jar
[Architectury Transformer DEBUG]  - C:\Users\nicod\.gradle\caches\modules-2\files-2.1\io.netty\netty-common\4.2.7.Final\11aa30df26af4fca3239ac1917f303a280f301e1\netty-common-4.2.7.Final.jar
[Architectury Transformer DEBUG]  - C:\Users\nicod\.gradle\caches\modules-2\files-2.1\io.netty\netty-handler\4.2.7.Final\7ad8a1f851e2e6fe93cdd091871fda2b81c03b5b\netty-handler-4.2.7.Final.jar
[Architectury Transformer DEBUG]  - C:\Users\nicod\.gradle\caches\modules-2\files-2.1\io.netty\netty-resolver\4.2.7.Final\5f3e5ef8de03992cd4fb46960dc0085ec1a12a12\netty-resolver-4.2.7.Final.jar
[Architectury Transformer DEBUG]  - C:\Users\nicod\.gradle\caches\modules-2\files-2.1\io.netty\netty-transport-classes-epoll\4.2.7.Final\1075c09f48a78eef9d819fbfd9096b903fdd362a\netty-transport-classes-epoll-4.2.7.Final.jar
[Architectury Transformer DEBUG]  - C:\Users\nicod\.gradle\caches\modules-2\files-2.1\io.netty\netty-transport-classes-kqueue\4.2.7.Final\bdec7c23c75caabd848426d073c09568e8d5f94e\netty-transport-classes-kqueue-4.2.7.Final.jar
[Architectury Transformer DEBUG]  - C:\Users\nicod\.gradle\caches\modules-2\files-2.1\io.netty\netty-transport-native-unix-common\4.2.7.Final\89953f04259ea7502cffb313630dd51e00e60669\netty-transport-native-unix-common-4.2.7.Final.jar
[Architectury Transformer DEBUG]  - C:\Users\nicod\.gradle\caches\modules-2\files-2.1\io.netty\netty-transport\4.2.7.Final\83ea548981d0d8c4a98027cc1a6f9624f902e142\netty-transport-4.2.7.Final.jar
[Architectury Transformer DEBUG]  - C:\Users\nicod\.gradle\caches\modules-2\files-2.1\it.unimi.dsi\fastutil\8.5.18\a6cff377eecc19c2037bf31568a6d7106b50ba1f\fastutil-8.5.18.jar
[Architectury Transformer DEBUG]  - C:\Users\nicod\.gradle\caches\modules-2\files-2.1\net.java.dev.jna\jna-platform\5.17.0\a4934c44d25a9d8c2ddf4203affd20330cb3426f\jna-platform-5.17.0.jar
[Architectury Transformer DEBUG]  - C:\Users\nicod\.gradle\caches\modules-2\files-2.1\net.java.dev.jna\jna\5.17.0\33d12735bef894440780fce64f9758d420c7bae2\jna-5.17.0.jar
[Architectury Transformer DEBUG]  - C:\Users\nicod\.gradle\caches\modules-2\files-2.1\net.sf.jopt-simple\jopt-simple\5.0.4\4fdac2fbe92dfad86aa6e9301736f6b4342a3f5c\jopt-simple-5.0.4.jar
[Architectury Transformer DEBUG]  - C:\Users\nicod\.gradle\caches\modules-2\files-2.1\org.apache.commons\commons-compress\1.28.0\e482f2c7a88dac3c497e96aa420b6a769f59c8d7\commons-compress-1.28.0.jar
[Architectury Transformer DEBUG]  - C:\Users\nicod\.gradle\caches\modules-2\files-2.1\org.apache.commons\commons-lang3\3.19.0\d6524b169a6574cd253760c472d419b47bfd37e6\commons-lang3-3.19.0.jar
[Architectury Transformer DEBUG]  - C:\Users\nicod\.gradle\caches\modules-2\files-2.1\org.apache.logging.log4j\log4j-api\2.25.2\292c1a2b1702f1e1e3adb13e1c57e5bff60335ff\log4j-api-2.25.2.jar
[Architectury Transformer DEBUG]  - C:\Users\nicod\.gradle\caches\modules-2\files-2.1\org.apache.logging.log4j\log4j-core\2.25.2\d4d0ad2e51e03e531f784891fbfff1bae1e13a12\log4j-core-2.25.2.jar
[Architectury Transformer DEBUG]  - C:\Users\nicod\.gradle\caches\modules-2\files-2.1\org.apache.logging.log4j\log4j-slf4j2-impl\2.25.2\5eec0c392661dee8a366baec17e8896900dd978f\log4j-slf4j2-impl-2.25.2.jar
[Architectury Transformer DEBUG]  - C:\Users\nicod\.gradle\caches\modules-2\files-2.1\org.jcraft\jorbis\0.0.17\8872d22b293e8f5d7d56ff92be966e6dc28ebdc6\jorbis-0.0.17.jar
[Architectury Transformer DEBUG]  - C:\Users\nicod\.gradle\caches\modules-2\files-2.1\org.joml\joml\1.10.8\fc0a71dad90a2cf41d82a76156a0e700af8e4f8d\joml-1.10.8.jar
[Architectury Transformer DEBUG]  - C:\Users\nicod\.gradle\caches\modules-2\files-2.1\org.jspecify\jspecify\1.0.0\7425a601c1c7ec76645a78d22b8c6a627edee507\jspecify-1.0.0.jar
[Architectury Transformer DEBUG]  - C:\Users\nicod\.gradle\caches\modules-2\files-2.1\org.lwjgl\lwjgl-freetype\3.3.3\a0db6c84a8becc8ca05f9dbfa985edc348a824c7\lwjgl-freetype-3.3.3.jar
[Architectury Transformer DEBUG]  - C:\Users\nicod\.gradle\caches\modules-2\files-2.1\org.lwjgl\lwjgl-glfw\3.3.3\efa1eb78c5ccd840e9f329717109b5e892d72f8e\lwjgl-glfw-3.3.3.jar
[Architectury Transformer DEBUG]  - C:\Users\nicod\.gradle\caches\modules-2\files-2.1\org.lwjgl\lwjgl-jemalloc\3.3.3\b543467b7ff3c6920539a88ee602d34098628be5\lwjgl-jemalloc-3.3.3.jar
[Architectury Transformer DEBUG]  - C:\Users\nicod\.gradle\caches\modules-2\files-2.1\org.lwjgl\lwjgl-openal\3.3.3\daada81ceb5fc0c291fbfdd4433cb8d9423577f2\lwjgl-openal-3.3.3.jar
[Architectury Transformer DEBUG]  - C:\Users\nicod\.gradle\caches\modules-2\files-2.1\org.lwjgl\lwjgl-opengl\3.3.3\2f6b0147078396a58979125a4c947664e98293a\lwjgl-opengl-3.3.3.jar
[Architectury Transformer DEBUG]  - C:\Users\nicod\.gradle\caches\modules-2\files-2.1\org.lwjgl\lwjgl-stb\3.3.3\25dd6161988d7e65f71d5065c99902402ee32746\lwjgl-stb-3.3.3.jar
[Architectury Transformer DEBUG]  - C:\Users\nicod\.gradle\caches\modules-2\files-2.1\org.lwjgl\lwjgl-tinyfd\3.3.3\82d755ca94b102e9ca77283b9e2dc46d1b15fbe5\lwjgl-tinyfd-3.3.3.jar
[Architectury Transformer DEBUG]  - C:\Users\nicod\.gradle\caches\modules-2\files-2.1\org.lwjgl\lwjgl\3.3.3\29589b5f87ed335a6c7e7ee6a5775f81f97ecb84\lwjgl-3.3.3.jar
[Architectury Transformer DEBUG]  - C:\Users\nicod\.gradle\caches\modules-2\files-2.1\org.slf4j\slf4j-api\2.0.17\d9e58ac9c7779ba3bf8142aff6c830617a7fe60f\slf4j-api-2.0.17.jar
[Architectury Transformer DEBUG]  - C:\Users\nicod\Downloads\stuck_arrows_for_all-1.21.11\stuck_arrows_for_all-1.21.11\.gradle\loom-cache\minecraftMaven\net\minecraft\minecraft-merged-06c5b3cb2e\1.21.11-loom.mappings.1_21_11.layered+hash.40545-v2\minecraft-merged-06c5b3cb2e-1.21.11-loom.mappings.1_21_11.layered+hash.40545-v2.jar
[Architectury Transformer DEBUG]  - C:\Users\nicod\.gradle\caches\modules-2\files-2.1\io.netty\netty-transport-native-epoll\4.2.7.Final\e83998bfc10b5289d9bcbe807c4079ef0eed8e6f\netty-transport-native-epoll-4.2.7.Final-linux-x86_64.jar
[Architectury Transformer DEBUG]  - C:\Users\nicod\.gradle\caches\modules-2\files-2.1\io.netty\netty-transport-native-epoll\4.2.7.Final\98d02251c98c8f07a23ac5ea27657d9e0ef57614\netty-transport-native-epoll-4.2.7.Final-linux-aarch_64.jar
[Architectury Transformer DEBUG]  - C:\Users\nicod\.gradle\caches\modules-2\files-2.1\io.netty\netty-transport-native-kqueue\4.2.7.Final\40868fd4e43bce2798245f790624b58803dc26b6\netty-transport-native-kqueue-4.2.7.Final-osx-x86_64.jar
[Architectury Transformer DEBUG]  - C:\Users\nicod\.gradle\caches\modules-2\files-2.1\io.netty\netty-transport-native-kqueue\4.2.7.Final\e5a0feef41410c8a5ae00c6cb4e0c99bd0aded6a\netty-transport-native-kqueue-4.2.7.Final-osx-aarch_64.jar
[Architectury Transformer] Read classpath in 1.863 s
[Architectury Transformer DEBUG] Remapping Classes:
[Architectury Transformer DEBUG] net/fabricmc/api/EnvType -> net/minecraftforge/api/distmarker/Dist
[Architectury Transformer DEBUG] net/fabricmc/api/Environment -> net/minecraftforge/api/distmarker/OnlyIn
[Architectury Transformer DEBUG] Found class transformer
[Architectury Transformer DEBUG] Writing traben/entity_pin_cushions/PinCushionLayer with maxs=true frames=true
[Architectury Transformer DEBUG] Writing traben/entity_pin_cushions/PinCushionLayer$BeeStingerLayer with maxs=true frames=true
[Architectury Transformer DEBUG] Writing traben/entity_pin_cushions/PinCushionLayer$ArrowLayer with maxs=true frames=true
[Architectury Transformer DEBUG] Writing traben/entity_pin_cushions/EntityPinCushions with maxs=true frames=true
[Architectury Transformer DEBUG] Writing traben/entity_pin_cushions/mixin/MixinAddLayer with maxs=true frames=true
[Architectury Transformer DEBUG] Writing traben/entity_pin_cushions/mixin/MixinEntityRenderDispatcher with maxs=true frames=true
[Architectury Transformer DEBUG] Checking whether /entity_pin_cushions.mixins.json is a mixin config.
[Architectury Transformer DEBUG] Checking whether /entity_pin_cushions-common-1.21.11-common-refmap.json is a mixin config.
[Architectury Transformer DEBUG] Found mixin config(s): entity_pin_cushions.mixins.json
[Architectury Transformer DEBUG] Injecting MixinConfigs into /META-INF/MANIFEST.MF
[Architectury Transformer DEBUG] Remapping refmap from intermediary to srg: entity_pin_cushions-common-1.21.11-common-refmap.json
[Architectury Transformer DEBUG] Remapped refmap value Lnet/minecraft/class_922;<init>(Lnet/minecraft/class_5617$class_5618;Lnet/minecraft/class_583;F)V -> Lnet/minecraft/client/renderer/entity/LivingEntityRenderer;<init>(Lnet/minecraft/client/renderer/entity/EntityRendererProvider$Context;Lnet/minecraft/client/model/EntityModel;F)V
[Architectury Transformer DEBUG] Remapped refmap value Lnet/minecraft/class_898;method_72977(Lnet/minecraft/class_1297;F)Lnet/minecraft/class_10017; -> Lnet/minecraft/client/renderer/entity/EntityRenderDispatcher;m_418641_(Lnet/minecraft/world/entity/Entity;F)Lnet/minecraft/client/renderer/entity/state/EntityRenderState;
[Architectury Transformer DEBUG] Remapped refmap value Lnet/minecraft/class_922;<init>(Lnet/minecraft/class_5617$class_5618;Lnet/minecraft/class_583;F)V -> Lnet/minecraft/client/renderer/entity/LivingEntityRenderer;<init>(Lnet/minecraft/client/renderer/entity/EntityRendererProvider$Context;Lnet/minecraft/client/model/EntityModel;F)V
[Architectury Transformer DEBUG] Remapped refmap value Lnet/minecraft/class_898;method_72977(Lnet/minecraft/class_1297;F)Lnet/minecraft/class_10017; -> Lnet/minecraft/client/renderer/entity/EntityRenderDispatcher;m_418641_(Lnet/minecraft/world/entity/Entity;F)Lnet/minecraft/client/renderer/entity/state/EntityRenderState;
[Architectury Transformer DEBUG] Closed File Systems for C:\Users\nicod\Downloads\stuck_arrows_for_all-1.21.11\stuck_arrows_for_all-1.21.11\common\build\libs\entity_pin_cushions-common-1.21.11-1.1-transformProductionForge.jar
[Architectury Transformer] Transformed jar with 7 transformer(s) in 2.731 s
[Architectury Transformer DEBUG] Closed File Systems for C:\Users\nicod\Downloads\stuck_arrows_for_all-1.21.11\stuck_arrows_for_all-1.21.11\common\build\libs\entity_pin_cushions-common-1.21.11-1.1.jar
[Architectury Transformer DEBUG] 
[Architectury Transformer DEBUG] ============================
[Architectury Transformer DEBUG] Transforming from C:\Users\nicod\Downloads\stuck_arrows_for_all-1.21.11\stuck_arrows_for_all-1.21.11\common\build\devlibs\entity_pin_cushions-common-1.21.11-1.1-dev.jar to C:\Users\nicod\Downloads\stuck_arrows_for_all-1.21.11\stuck_arrows_for_all-1.21.11\common\build\libs\entity_pin_cushions-common-1.21.11-1.1-transformProductionFabric.jar
[Architectury Transformer DEBUG] ============================
[Architectury Transformer DEBUG] 
[Architectury Transformer DEBUG] Transforming 5 transformer(s) from C:\Users\nicod\Downloads\stuck_arrows_for_all-1.21.11\stuck_arrows_for_all-1.21.11\common\build\devlibs\entity_pin_cushions-common-1.21.11-1.1-dev.jar to C:\Users\nicod\Downloads\stuck_arrows_for_all-1.21.11\stuck_arrows_for_all-1.21.11\common\build\libs\entity_pin_cushions-common-1.21.11-1.1-transformProductionFabric.jar: 
[Architectury Transformer DEBUG]  - dev.architectury.transformer.transformers.RemapMixinVariables@43412731
[Architectury Transformer DEBUG]  - dev.architectury.transformer.transformers.TransformExpectPlatform@590d9830
[Architectury Transformer DEBUG]  - dev.architectury.transformer.transformers.RemapInjectables@2195c0b1
[Architectury Transformer DEBUG]  - AddRefmapName(enabled=() -> kotlin.Boolean)
[Architectury Transformer DEBUG]  - dev.architectury.transformer.transformers.TransformPlatformOnly@6e4a616d
[Architectury Transformer DEBUG] Transforming from C:\Users\nicod\Downloads\stuck_arrows_for_all-1.21.11\stuck_arrows_for_all-1.21.11\common\build\devlibs\entity_pin_cushions-common-1.21.11-1.1-dev.jar to C:\Users\nicod\Downloads\stuck_arrows_for_all-1.21.11\stuck_arrows_for_all-1.21.11\common\build\libs\entity_pin_cushions-common-1.21.11-1.1-transformProductionFabric.jar with 5 transformer(s) on dev.architectury.transformer.handler.SimpleTransformerHandler
[Architectury Transformer DEBUG] Reading mixin mappings file: C:\Users\nicod\Downloads\stuck_arrows_for_all-1.21.11\stuck_arrows_for_all-1.21.11\common\build\loom-cache\mixin-map-loom.mappings.1_21_11.layered+hash.40545-v2.main.tiny
[Architectury Transformer DEBUG] Remapping with 1 mapping provider(s):
[Architectury Transformer DEBUG]  - dev.architectury.transformer.shadowed.impl.dev.architectury.tinyremapper.TinyUtils$$Lambda/0x00000000255a1e28@60df26e5
[Architectury Transformer DEBUG] Provided 65 classpath jar(s):
[Architectury Transformer DEBUG]  - C:\Users\nicod\.gradle\caches\modules-2\files-2.1\dev.architectury\architectury-injectables\1.0.10\62db2a366d662606d1b23ad02ccc3212ed37ec3\architectury-injectables-1.0.10.jar
[Architectury Transformer DEBUG]  - C:\Users\nicod\.gradle\caches\modules-2\files-2.1\net.fabricmc\fabric-loader\0.19.5\ff9e65cffca4a67f31523e1807fe0855940fcbfa\fabric-loader-0.19.5.jar
[Architectury Transformer DEBUG]  - C:\Users\nicod\.gradle\caches\modules-2\files-2.1\org.jetbrains\annotations\26.0.2\c7ce3cdeda3d18909368dfe5977332dfad326c6d\annotations-26.0.2.jar
[Architectury Transformer DEBUG]  - C:\Users\nicod\.gradle\caches\modules-2\files-2.1\org.ow2.asm\asm\9.10.1\ada2141c0cc52ee8f5c48cd5fa4ce0e794f22236\asm-9.10.1.jar
[Architectury Transformer DEBUG]  - C:\Users\nicod\.gradle\caches\modules-2\files-2.1\org.ow2.asm\asm-analysis\9.10.1\8d49f14d51f632cb1d87c88d1ceaf50db0d8af1b\asm-analysis-9.10.1.jar
[Architectury Transformer DEBUG]  - C:\Users\nicod\.gradle\caches\modules-2\files-2.1\org.ow2.asm\asm-commons\9.10.1\4229e4c55fd8e01c23f9fe9884075cc628aacc50\asm-commons-9.10.1.jar
[Architectury Transformer DEBUG]  - C:\Users\nicod\.gradle\caches\modules-2\files-2.1\org.ow2.asm\asm-tree\9.10.1\e244332a17564c1d1572449399a842de35881be2\asm-tree-9.10.1.jar
[Architectury Transformer DEBUG]  - C:\Users\nicod\.gradle\caches\modules-2\files-2.1\org.ow2.asm\asm-util\9.10.1\7bb9d450e8d4cbf9f9e04096c44bbfe7fba80b15\asm-util-9.10.1.jar
[Architectury Transformer DEBUG]  - C:\Users\nicod\.gradle\caches\modules-2\files-2.1\net.fabricmc\sponge-mixin\0.17.3+mixin.0.8.7\41c4a3984a80f4679e759fb9f495587acc5cdac7\sponge-mixin-0.17.3+mixin.0.8.7.jar
[Architectury Transformer DEBUG]  - C:\Users\nicod\.gradle\caches\modules-2\files-2.1\io.github.llamalad7\mixinextras-fabric\0.5.4\5e167154bcb9942111313a5e186e16cd7265f858\mixinextras-fabric-0.5.4.jar
[Architectury Transformer DEBUG]  - C:\Users\nicod\.gradle\caches\modules-2\files-2.1\at.yawk.lz4\lz4-java\1.8.1\1f30a180ee04ccd53339a716aec13cae60a013b5\lz4-java-1.8.1.jar
[Architectury Transformer DEBUG]  - C:\Users\nicod\.gradle\caches\modules-2\files-2.1\com.azure\azure-json\1.4.0\fcc1d354dbc3e0300e5276b1bf124d0247799cd8\azure-json-1.4.0.jar
[Architectury Transformer DEBUG]  - C:\Users\nicod\.gradle\caches\modules-2\files-2.1\com.github.oshi\oshi-core\6.9.0\3224870731860cfcd7744581a05b559e94291e7\oshi-core-6.9.0.jar
[Architectury Transformer DEBUG]  - C:\Users\nicod\.gradle\caches\modules-2\files-2.1\com.google.code.gson\gson\2.13.2\48b8230771e573b54ce6e867a9001e75977fe78e\gson-2.13.2.jar
[Architectury Transformer DEBUG]  - C:\Users\nicod\.gradle\caches\modules-2\files-2.1\com.google.guava\failureaccess\1.0.3\aeaffd00d57023a2c947393ed251f0354f0985fc\failureaccess-1.0.3.jar
[Architectury Transformer DEBUG]  - C:\Users\nicod\.gradle\caches\modules-2\files-2.1\com.google.guava\guava\33.5.0-jre\8699de25f2f979108d6c1b804a7ba38cda1116bc\guava-33.5.0-jre.jar
[Architectury Transformer DEBUG]  - C:\Users\nicod\.gradle\caches\modules-2\files-2.1\com.ibm.icu\icu4j\77.1\38693cf0b1d7362a8b726af74dc06026a7c23809\icu4j-77.1.jar
[Architectury Transformer DEBUG]  - C:\Users\nicod\.gradle\caches\modules-2\files-2.1\com.microsoft.azure\msal4j\1.23.1\6c722b514873b24a4e1ce9c22dca36ea3c22bdbe\msal4j-1.23.1.jar
[Architectury Transformer DEBUG]  - C:\Users\nicod\.gradle\caches\modules-2\files-2.1\com.mojang\authlib\7.0.61\efee1e6b54e863108576eb3b3ae71144626aaefc\authlib-7.0.61.jar
[Architectury Transformer DEBUG]  - C:\Users\nicod\.gradle\caches\modules-2\files-2.1\com.mojang\blocklist\1.0.10\5c685c5ffa94c4cd39496c7184c1d122e515ecef\blocklist-1.0.10.jar
[Architectury Transformer DEBUG]  - C:\Users\nicod\.gradle\caches\modules-2\files-2.1\com.mojang\brigadier\1.3.10\d15b53a14cf20fdcaa98f731af5dda654452c010\brigadier-1.3.10.jar
[Architectury Transformer DEBUG]  - C:\Users\nicod\.gradle\caches\modules-2\files-2.1\com.mojang\datafixerupper\9.0.19\4e91f9712fa1e83231d1501625381b0210a977da\datafixerupper-9.0.19.jar
[Architectury Transformer DEBUG]  - C:\Users\nicod\.gradle\caches\modules-2\files-2.1\com.mojang\jtracy\1.0.37\a3fb649b2e2b2288d2978f0b0bc3d83f62809d1e\jtracy-1.0.37.jar
[Architectury Transformer DEBUG]  - C:\Users\nicod\.gradle\caches\modules-2\files-2.1\com.mojang\logging\1.6.11\fd147240733010c158249d986323f9ef98977fe\logging-1.6.11.jar
[Architectury Transformer DEBUG]  - C:\Users\nicod\.gradle\caches\modules-2\files-2.1\com.mojang\patchy\2.2.10\da05971b07cbb379d002cf7eaec6a2048211fefc\patchy-2.2.10.jar
[Architectury Transformer DEBUG]  - C:\Users\nicod\.gradle\caches\modules-2\files-2.1\com.mojang\text2speech\1.18.11\e853a12cdd6ba4f4836e8f4bf3b37844a13482b6\text2speech-1.18.11.jar
[Architectury Transformer DEBUG]  - C:\Users\nicod\.gradle\caches\modules-2\files-2.1\commons-codec\commons-codec\1.19.0\8c0dbe3ae883fceda9b50a6c76e745e548073388\commons-codec-1.19.0.jar
[Architectury Transformer DEBUG]  - C:\Users\nicod\.gradle\caches\modules-2\files-2.1\commons-io\commons-io\2.20.0\36f3474daec2849c149e877614e7f979b2082cd2\commons-io-2.20.0.jar
[Architectury Transformer DEBUG]  - C:\Users\nicod\.gradle\caches\modules-2\files-2.1\io.netty\netty-buffer\4.2.7.Final\5555ff561643bf2f8430fb57c24403c0efe15994\netty-buffer-4.2.7.Final.jar
[Architectury Transformer DEBUG]  - C:\Users\nicod\.gradle\caches\modules-2\files-2.1\io.netty\netty-codec-base\4.2.7.Final\915e381ebabcf115f1c7ff7032d55c48afb50210\netty-codec-base-4.2.7.Final.jar
[Architectury Transformer DEBUG]  - C:\Users\nicod\.gradle\caches\modules-2\files-2.1\io.netty\netty-codec-compression\4.2.7.Final\572341bc1ca90fd9d6e47f1d2694aab5258566e9\netty-codec-compression-4.2.7.Final.jar
[Architectury Transformer DEBUG]  - C:\Users\nicod\.gradle\caches\modules-2\files-2.1\io.netty\netty-codec-http\4.2.7.Final\b734c108854099c421fd94d92d9f865e4d4da853\netty-codec-http-4.2.7.Final.jar
[Architectury Transformer DEBUG]  - C:\Users\nicod\.gradle\caches\modules-2\files-2.1\io.netty\netty-common\4.2.7.Final\11aa30df26af4fca3239ac1917f303a280f301e1\netty-common-4.2.7.Final.jar
[Architectury Transformer DEBUG]  - C:\Users\nicod\.gradle\caches\modules-2\files-2.1\io.netty\netty-handler\4.2.7.Final\7ad8a1f851e2e6fe93cdd091871fda2b81c03b5b\netty-handler-4.2.7.Final.jar
[Architectury Transformer DEBUG]  - C:\Users\nicod\.gradle\caches\modules-2\files-2.1\io.netty\netty-resolver\4.2.7.Final\5f3e5ef8de03992cd4fb46960dc0085ec1a12a12\netty-resolver-4.2.7.Final.jar
[Architectury Transformer DEBUG]  - C:\Users\nicod\.gradle\caches\modules-2\files-2.1\io.netty\netty-transport-classes-epoll\4.2.7.Final\1075c09f48a78eef9d819fbfd9096b903fdd362a\netty-transport-classes-epoll-4.2.7.Final.jar
[Architectury Transformer DEBUG]  - C:\Users\nicod\.gradle\caches\modules-2\files-2.1\io.netty\netty-transport-classes-kqueue\4.2.7.Final\bdec7c23c75caabd848426d073c09568e8d5f94e\netty-transport-classes-kqueue-4.2.7.Final.jar
[Architectury Transformer DEBUG]  - C:\Users\nicod\.gradle\caches\modules-2\files-2.1\io.netty\netty-transport-native-unix-common\4.2.7.Final\89953f04259ea7502cffb313630dd51e00e60669\netty-transport-native-unix-common-4.2.7.Final.jar
[Architectury Transformer DEBUG]  - C:\Users\nicod\.gradle\caches\modules-2\files-2.1\io.netty\netty-transport\4.2.7.Final\83ea548981d0d8c4a98027cc1a6f9624f902e142\netty-transport-4.2.7.Final.jar
[Architectury Transformer DEBUG]  - C:\Users\nicod\.gradle\caches\modules-2\files-2.1\it.unimi.dsi\fastutil\8.5.18\a6cff377eecc19c2037bf31568a6d7106b50ba1f\fastutil-8.5.18.jar
[Architectury Transformer DEBUG]  - C:\Users\nicod\.gradle\caches\modules-2\files-2.1\net.java.dev.jna\jna-platform\5.17.0\a4934c44d25a9d8c2ddf4203affd20330cb3426f\jna-platform-5.17.0.jar
[Architectury Transformer DEBUG]  - C:\Users\nicod\.gradle\caches\modules-2\files-2.1\net.java.dev.jna\jna\5.17.0\33d12735bef894440780fce64f9758d420c7bae2\jna-5.17.0.jar
[Architectury Transformer DEBUG]  - C:\Users\nicod\.gradle\caches\modules-2\files-2.1\net.sf.jopt-simple\jopt-simple\5.0.4\4fdac2fbe92dfad86aa6e9301736f6b4342a3f5c\jopt-simple-5.0.4.jar
[Architectury Transformer DEBUG]  - C:\Users\nicod\.gradle\caches\modules-2\files-2.1\org.apache.commons\commons-compress\1.28.0\e482f2c7a88dac3c497e96aa420b6a769f59c8d7\commons-compress-1.28.0.jar
[Architectury Transformer DEBUG]  - C:\Users\nicod\.gradle\caches\modules-2\files-2.1\org.apache.commons\commons-lang3\3.19.0\d6524b169a6574cd253760c472d419b47bfd37e6\commons-lang3-3.19.0.jar
[Architectury Transformer DEBUG]  - C:\Users\nicod\.gradle\caches\modules-2\files-2.1\org.apache.logging.log4j\log4j-api\2.25.2\292c1a2b1702f1e1e3adb13e1c57e5bff60335ff\log4j-api-2.25.2.jar
[Architectury Transformer DEBUG]  - C:\Users\nicod\.gradle\caches\modules-2\files-2.1\org.apache.logging.log4j\log4j-core\2.25.2\d4d0ad2e51e03e531f784891fbfff1bae1e13a12\log4j-core-2.25.2.jar
[Architectury Transformer DEBUG]  - C:\Users\nicod\.gradle\caches\modules-2\files-2.1\org.apache.logging.log4j\log4j-slf4j2-impl\2.25.2\5eec0c392661dee8a366baec17e8896900dd978f\log4j-slf4j2-impl-2.25.2.jar
[Architectury Transformer DEBUG]  - C:\Users\nicod\.gradle\caches\modules-2\files-2.1\org.jcraft\jorbis\0.0.17\8872d22b293e8f5d7d56ff92be966e6dc28ebdc6\jorbis-0.0.17.jar
[Architectury Transformer DEBUG]  - C:\Users\nicod\.gradle\caches\modules-2\files-2.1\org.joml\joml\1.10.8\fc0a71dad90a2cf41d82a76156a0e700af8e4f8d\joml-1.10.8.jar
[Architectury Transformer DEBUG]  - C:\Users\nicod\.gradle\caches\modules-2\files-2.1\org.jspecify\jspecify\1.0.0\7425a601c1c7ec76645a78d22b8c6a627edee507\jspecify-1.0.0.jar
[Architectury Transformer DEBUG]  - C:\Users\nicod\.gradle\caches\modules-2\files-2.1\org.lwjgl\lwjgl-freetype\3.3.3\a0db6c84a8becc8ca05f9dbfa985edc348a824c7\lwjgl-freetype-3.3.3.jar
[Architectury Transformer DEBUG]  - C:\Users\nicod\.gradle\caches\modules-2\files-2.1\org.lwjgl\lwjgl-glfw\3.3.3\efa1eb78c5ccd840e9f329717109b5e892d72f8e\lwjgl-glfw-3.3.3.jar
[Architectury Transformer DEBUG]  - C:\Users\nicod\.gradle\caches\modules-2\files-2.1\org.lwjgl\lwjgl-jemalloc\3.3.3\b543467b7ff3c6920539a88ee602d34098628be5\lwjgl-jemalloc-3.3.3.jar
[Architectury Transformer DEBUG]  - C:\Users\nicod\.gradle\caches\modules-2\files-2.1\org.lwjgl\lwjgl-openal\3.3.3\daada81ceb5fc0c291fbfdd4433cb8d9423577f2\lwjgl-openal-3.3.3.jar
[Architectury Transformer DEBUG]  - C:\Users\nicod\.gradle\caches\modules-2\files-2.1\org.lwjgl\lwjgl-opengl\3.3.3\2f6b0147078396a58979125a4c947664e98293a\lwjgl-opengl-3.3.3.jar
[Architectury Transformer DEBUG]  - C:\Users\nicod\.gradle\caches\modules-2\files-2.1\org.lwjgl\lwjgl-stb\3.3.3\25dd6161988d7e65f71d5065c99902402ee32746\lwjgl-stb-3.3.3.jar
[Architectury Transformer DEBUG]  - C:\Users\nicod\.gradle\caches\modules-2\files-2.1\org.lwjgl\lwjgl-tinyfd\3.3.3\82d755ca94b102e9ca77283b9e2dc46d1b15fbe5\lwjgl-tinyfd-3.3.3.jar
[Architectury Transformer DEBUG]  - C:\Users\nicod\.gradle\caches\modules-2\files-2.1\org.lwjgl\lwjgl\3.3.3\29589b5f87ed335a6c7e7ee6a5775f81f97ecb84\lwjgl-3.3.3.jar
[Architectury Transformer DEBUG]  - C:\Users\nicod\.gradle\caches\modules-2\files-2.1\org.slf4j\slf4j-api\2.0.17\d9e58ac9c7779ba3bf8142aff6c830617a7fe60f\slf4j-api-2.0.17.jar
[Architectury Transformer DEBUG]  - C:\Users\nicod\Downloads\stuck_arrows_for_all-1.21.11\stuck_arrows_for_all-1.21.11\.gradle\loom-cache\minecraftMaven\net\minecraft\minecraft-merged-06c5b3cb2e\1.21.11-loom.mappings.1_21_11.layered+hash.40545-v2\minecraft-merged-06c5b3cb2e-1.21.11-loom.mappings.1_21_11.layered+hash.40545-v2.jar
[Architectury Transformer DEBUG]  - C:\Users\nicod\.gradle\caches\modules-2\files-2.1\io.netty\netty-transport-native-epoll\4.2.7.Final\e83998bfc10b5289d9bcbe807c4079ef0eed8e6f\netty-transport-native-epoll-4.2.7.Final-linux-x86_64.jar
[Architectury Transformer DEBUG]  - C:\Users\nicod\.gradle\caches\modules-2\files-2.1\io.netty\netty-transport-native-epoll\4.2.7.Final\98d02251c98c8f07a23ac5ea27657d9e0ef57614\netty-transport-native-epoll-4.2.7.Final-linux-aarch_64.jar
[Architectury Transformer DEBUG]  - C:\Users\nicod\.gradle\caches\modules-2\files-2.1\io.netty\netty-transport-native-kqueue\4.2.7.Final\40868fd4e43bce2798245f790624b58803dc26b6\netty-transport-native-kqueue-4.2.7.Final-osx-x86_64.jar
[Architectury Transformer DEBUG]  - C:\Users\nicod\.gradle\caches\modules-2\files-2.1\io.netty\netty-transport-native-kqueue\4.2.7.Final\e5a0feef41410c8a5ae00c6cb4e0c99bd0aded6a\netty-transport-native-kqueue-4.2.7.Final-osx-aarch_64.jar
[Architectury Transformer] Read classpath in 2.292 s
[Architectury Transformer DEBUG] Remapping Classes:
[Architectury Transformer DEBUG] Found class transformer
[Architectury Transformer DEBUG] Writing traben/entity_pin_cushions/PinCushionLayer with maxs=true frames=true
[Architectury Transformer DEBUG] Writing traben/entity_pin_cushions/PinCushionLayer$BeeStingerLayer with maxs=true frames=true
[Architectury Transformer DEBUG] Writing traben/entity_pin_cushions/PinCushionLayer$ArrowLayer with maxs=true frames=true
[Architectury Transformer DEBUG] Writing traben/entity_pin_cushions/EntityPinCushions with maxs=true frames=true
[Architectury Transformer DEBUG] Writing traben/entity_pin_cushions/mixin/MixinAddLayer with maxs=true frames=true
[Architectury Transformer DEBUG] Writing traben/entity_pin_cushions/mixin/MixinEntityRenderDispatcher with maxs=true frames=true
[Architectury Transformer DEBUG] Checking whether /entity_pin_cushions.mixins.json is a mixin config.
[Architectury Transformer DEBUG] Checking whether /entity_pin_cushions-common-1.21.11-common-refmap.json is a mixin config.
[Architectury Transformer DEBUG] Found mixin config(s): /entity_pin_cushions.mixins.json
[Architectury Transformer DEBUG] Injecting entity_pin_cushions-common-1.21.11-common-refmap.json to /entity_pin_cushions.mixins.json
[Architectury Transformer DEBUG] Closed File Systems for C:\Users\nicod\Downloads\stuck_arrows_for_all-1.21.11\stuck_arrows_for_all-1.21.11\common\build\libs\entity_pin_cushions-common-1.21.11-1.1-transformProductionFabric.jar
[Architectury Transformer] Transformed jar with 5 transformer(s) in 2.766 s
[Architectury Transformer DEBUG] 
[Architectury Transformer DEBUG] ============================
[Architectury Transformer DEBUG] Transforming from C:\Users\nicod\Downloads\stuck_arrows_for_all-1.21.11\stuck_arrows_for_all-1.21.11\common\build\devlibs\entity_pin_cushions-common-1.21.11-1.1-dev.jar to C:\Users\nicod\Downloads\stuck_arrows_for_all-1.21.11\stuck_arrows_for_all-1.21.11\common\build\libs\entity_pin_cushions-common-1.21.11-1.1-transformProductionForge.jar
[Architectury Transformer DEBUG] ============================
[Architectury Transformer DEBUG] 
[Architectury Transformer DEBUG] Transforming 7 transformer(s) from C:\Users\nicod\Downloads\stuck_arrows_for_all-1.21.11\stuck_arrows_for_all-1.21.11\common\build\devlibs\entity_pin_cushions-common-1.21.11-1.1-dev.jar to C:\Users\nicod\Downloads\stuck_arrows_for_all-1.21.11\stuck_arrows_for_all-1.21.11\common\build\libs\entity_pin_cushions-common-1.21.11-1.1-transformProductionForge.jar: 
[Architectury Transformer DEBUG]  - dev.architectury.transformer.transformers.TransformExpectPlatform@29799b1b
[Architectury Transformer DEBUG]  - dev.architectury.transformer.transformers.RemapInjectables@746e9115
[Architectury Transformer DEBUG]  - AddRefmapName(enabled=() -> kotlin.Boolean)
[Architectury Transformer DEBUG]  - dev.architectury.transformer.transformers.TransformPlatformOnly@4105cac5
[Architectury Transformer DEBUG]  - dev.architectury.transformer.transformers.TransformForgeAnnotations@6d2fe9d4
[Architectury Transformer DEBUG]  - dev.architectury.transformer.transformers.TransformForgeEnvironment@38e28977
[Architectury Transformer DEBUG]  - dev.architectury.transformer.transformers.FixForgeMixin@72586b79
[Architectury Transformer DEBUG] Transforming from C:\Users\nicod\Downloads\stuck_arrows_for_all-1.21.11\stuck_arrows_for_all-1.21.11\common\build\devlibs\entity_pin_cushions-common-1.21.11-1.1-dev.jar to C:\Users\nicod\Downloads\stuck_arrows_for_all-1.21.11\stuck_arrows_for_all-1.21.11\common\build\libs\entity_pin_cushions-common-1.21.11-1.1-transformProductionForge.jar with 7 transformer(s) on dev.architectury.transformer.handler.SimpleTransformerHandler
[Architectury Transformer DEBUG] Remapping with 1 mapping provider(s):
[Architectury Transformer DEBUG]  - dev.architectury.transformer.transformers.TransformForgeEnvironment$$Lambda/0x00000000255e8958@54b90397
[Architectury Transformer DEBUG] Provided 65 classpath jar(s):
[Architectury Transformer DEBUG]  - C:\Users\nicod\.gradle\caches\modules-2\files-2.1\dev.architectury\architectury-injectables\1.0.10\62db2a366d662606d1b23ad02ccc3212ed37ec3\architectury-injectables-1.0.10.jar
[Architectury Transformer DEBUG]  - C:\Users\nicod\.gradle\caches\modules-2\files-2.1\net.fabricmc\fabric-loader\0.19.5\ff9e65cffca4a67f31523e1807fe0855940fcbfa\fabric-loader-0.19.5.jar
[Architectury Transformer DEBUG]  - C:\Users\nicod\.gradle\caches\modules-2\files-2.1\org.jetbrains\annotations\26.0.2\c7ce3cdeda3d18909368dfe5977332dfad326c6d\annotations-26.0.2.jar
[Architectury Transformer DEBUG]  - C:\Users\nicod\.gradle\caches\modules-2\files-2.1\org.ow2.asm\asm\9.10.1\ada2141c0cc52ee8f5c48cd5fa4ce0e794f22236\asm-9.10.1.jar
[Architectury Transformer DEBUG]  - C:\Users\nicod\.gradle\caches\modules-2\files-2.1\org.ow2.asm\asm-analysis\9.10.1\8d49f14d51f632cb1d87c88d1ceaf50db0d8af1b\asm-analysis-9.10.1.jar
[Architectury Transformer DEBUG]  - C:\Users\nicod\.gradle\caches\modules-2\files-2.1\org.ow2.asm\asm-commons\9.10.1\4229e4c55fd8e01c23f9fe9884075cc628aacc50\asm-commons-9.10.1.jar
[Architectury Transformer DEBUG]  - C:\Users\nicod\.gradle\caches\modules-2\files-2.1\org.ow2.asm\asm-tree\9.10.1\e244332a17564c1d1572449399a842de35881be2\asm-tree-9.10.1.jar
[Architectury Transformer DEBUG]  - C:\Users\nicod\.gradle\caches\modules-2\files-2.1\org.ow2.asm\asm-util\9.10.1\7bb9d450e8d4cbf9f9e04096c44bbfe7fba80b15\asm-util-9.10.1.jar
[Architectury Transformer DEBUG]  - C:\Users\nicod\.gradle\caches\modules-2\files-2.1\net.fabricmc\sponge-mixin\0.17.3+mixin.0.8.7\41c4a3984a80f4679e759fb9f495587acc5cdac7\sponge-mixin-0.17.3+mixin.0.8.7.jar
[Architectury Transformer DEBUG]  - C:\Users\nicod\.gradle\caches\modules-2\files-2.1\io.github.llamalad7\mixinextras-fabric\0.5.4\5e167154bcb9942111313a5e186e16cd7265f858\mixinextras-fabric-0.5.4.jar
[Architectury Transformer DEBUG]  - C:\Users\nicod\.gradle\caches\modules-2\files-2.1\at.yawk.lz4\lz4-java\1.8.1\1f30a180ee04ccd53339a716aec13cae60a013b5\lz4-java-1.8.1.jar
[Architectury Transformer DEBUG]  - C:\Users\nicod\.gradle\caches\modules-2\files-2.1\com.azure\azure-json\1.4.0\fcc1d354dbc3e0300e5276b1bf124d0247799cd8\azure-json-1.4.0.jar
[Architectury Transformer DEBUG]  - C:\Users\nicod\.gradle\caches\modules-2\files-2.1\com.github.oshi\oshi-core\6.9.0\3224870731860cfcd7744581a05b559e94291e7\oshi-core-6.9.0.jar
[Architectury Transformer DEBUG]  - C:\Users\nicod\.gradle\caches\modules-2\files-2.1\com.google.code.gson\gson\2.13.2\48b8230771e573b54ce6e867a9001e75977fe78e\gson-2.13.2.jar
[Architectury Transformer DEBUG]  - C:\Users\nicod\.gradle\caches\modules-2\files-2.1\com.google.guava\failureaccess\1.0.3\aeaffd00d57023a2c947393ed251f0354f0985fc\failureaccess-1.0.3.jar
[Architectury Transformer DEBUG]  - C:\Users\nicod\.gradle\caches\modules-2\files-2.1\com.google.guava\guava\33.5.0-jre\8699de25f2f979108d6c1b804a7ba38cda1116bc\guava-33.5.0-jre.jar
[Architectury Transformer DEBUG]  - C:\Users\nicod\.gradle\caches\modules-2\files-2.1\com.ibm.icu\icu4j\77.1\38693cf0b1d7362a8b726af74dc06026a7c23809\icu4j-77.1.jar
[Architectury Transformer DEBUG]  - C:\Users\nicod\.gradle\caches\modules-2\files-2.1\com.microsoft.azure\msal4j\1.23.1\6c722b514873b24a4e1ce9c22dca36ea3c22bdbe\msal4j-1.23.1.jar
[Architectury Transformer DEBUG]  - C:\Users\nicod\.gradle\caches\modules-2\files-2.1\com.mojang\authlib\7.0.61\efee1e6b54e863108576eb3b3ae71144626aaefc\authlib-7.0.61.jar
[Architectury Transformer DEBUG]  - C:\Users\nicod\.gradle\caches\modules-2\files-2.1\com.mojang\blocklist\1.0.10\5c685c5ffa94c4cd39496c7184c1d122e515ecef\blocklist-1.0.10.jar
[Architectury Transformer DEBUG]  - C:\Users\nicod\.gradle\caches\modules-2\files-2.1\com.mojang\brigadier\1.3.10\d15b53a14cf20fdcaa98f731af5dda654452c010\brigadier-1.3.10.jar
[Architectury Transformer DEBUG]  - C:\Users\nicod\.gradle\caches\modules-2\files-2.1\com.mojang\datafixerupper\9.0.19\4e91f9712fa1e83231d1501625381b0210a977da\datafixerupper-9.0.19.jar
[Architectury Transformer DEBUG]  - C:\Users\nicod\.gradle\caches\modules-2\files-2.1\com.mojang\jtracy\1.0.37\a3fb649b2e2b2288d2978f0b0bc3d83f62809d1e\jtracy-1.0.37.jar
[Architectury Transformer DEBUG]  - C:\Users\nicod\.gradle\caches\modules-2\files-2.1\com.mojang\logging\1.6.11\fd147240733010c158249d986323f9ef98977fe\logging-1.6.11.jar
[Architectury Transformer DEBUG]  - C:\Users\nicod\.gradle\caches\modules-2\files-2.1\com.mojang\patchy\2.2.10\da05971b07cbb379d002cf7eaec6a2048211fefc\patchy-2.2.10.jar
[Architectury Transformer DEBUG]  - C:\Users\nicod\.gradle\caches\modules-2\files-2.1\com.mojang\text2speech\1.18.11\e853a12cdd6ba4f4836e8f4bf3b37844a13482b6\text2speech-1.18.11.jar
[Architectury Transformer DEBUG]  - C:\Users\nicod\.gradle\caches\modules-2\files-2.1\commons-codec\commons-codec\1.19.0\8c0dbe3ae883fceda9b50a6c76e745e548073388\commons-codec-1.19.0.jar
[Architectury Transformer DEBUG]  - C:\Users\nicod\.gradle\caches\modules-2\files-2.1\commons-io\commons-io\2.20.0\36f3474daec2849c149e877614e7f979b2082cd2\commons-io-2.20.0.jar
[Architectury Transformer DEBUG]  - C:\Users\nicod\.gradle\caches\modules-2\files-2.1\io.netty\netty-buffer\4.2.7.Final\5555ff561643bf2f8430fb57c24403c0efe15994\netty-buffer-4.2.7.Final.jar
[Architectury Transformer DEBUG]  - C:\Users\nicod\.gradle\caches\modules-2\files-2.1\io.netty\netty-codec-base\4.2.7.Final\915e381ebabcf115f1c7ff7032d55c48afb50210\netty-codec-base-4.2.7.Final.jar
[Architectury Transformer DEBUG]  - C:\Users\nicod\.gradle\caches\modules-2\files-2.1\io.netty\netty-codec-compression\4.2.7.Final\572341bc1ca90fd9d6e47f1d2694aab5258566e9\netty-codec-compression-4.2.7.Final.jar
[Architectury Transformer DEBUG]  - C:\Users\nicod\.gradle\caches\modules-2\files-2.1\io.netty\netty-codec-http\4.2.7.Final\b734c108854099c421fd94d92d9f865e4d4da853\netty-codec-http-4.2.7.Final.jar
[Architectury Transformer DEBUG]  - C:\Users\nicod\.gradle\caches\modules-2\files-2.1\io.netty\netty-common\4.2.7.Final\11aa30df26af4fca3239ac1917f303a280f301e1\netty-common-4.2.7.Final.jar
[Architectury Transformer DEBUG]  - C:\Users\nicod\.gradle\caches\modules-2\files-2.1\io.netty\netty-handler\4.2.7.Final\7ad8a1f851e2e6fe93cdd091871fda2b81c03b5b\netty-handler-4.2.7.Final.jar
[Architectury Transformer DEBUG]  - C:\Users\nicod\.gradle\caches\modules-2\files-2.1\io.netty\netty-resolver\4.2.7.Final\5f3e5ef8de03992cd4fb46960dc0085ec1a12a12\netty-resolver-4.2.7.Final.jar
[Architectury Transformer DEBUG]  - C:\Users\nicod\.gradle\caches\modules-2\files-2.1\io.netty\netty-transport-classes-epoll\4.2.7.Final\1075c09f48a78eef9d819fbfd9096b903fdd362a\netty-transport-classes-epoll-4.2.7.Final.jar
[Architectury Transformer DEBUG]  - C:\Users\nicod\.gradle\caches\modules-2\files-2.1\io.netty\netty-transport-classes-kqueue\4.2.7.Final\bdec7c23c75caabd848426d073c09568e8d5f94e\netty-transport-classes-kqueue-4.2.7.Final.jar
[Architectury Transformer DEBUG]  - C:\Users\nicod\.gradle\caches\modules-2\files-2.1\io.netty\netty-transport-native-unix-common\4.2.7.Final\89953f04259ea7502cffb313630dd51e00e60669\netty-transport-native-unix-common-4.2.7.Final.jar
[Architectury Transformer DEBUG]  - C:\Users\nicod\.gradle\caches\modules-2\files-2.1\io.netty\netty-transport\4.2.7.Final\83ea548981d0d8c4a98027cc1a6f9624f902e142\netty-transport-4.2.7.Final.jar
[Architectury Transformer DEBUG]  - C:\Users\nicod\.gradle\caches\modules-2\files-2.1\it.unimi.dsi\fastutil\8.5.18\a6cff377eecc19c2037bf31568a6d7106b50ba1f\fastutil-8.5.18.jar
[Architectury Transformer DEBUG]  - C:\Users\nicod\.gradle\caches\modules-2\files-2.1\net.java.dev.jna\jna-platform\5.17.0\a4934c44d25a9d8c2ddf4203affd20330cb3426f\jna-platform-5.17.0.jar
[Architectury Transformer DEBUG]  - C:\Users\nicod\.gradle\caches\modules-2\files-2.1\net.java.dev.jna\jna\5.17.0\33d12735bef894440780fce64f9758d420c7bae2\jna-5.17.0.jar
[Architectury Transformer DEBUG]  - C:\Users\nicod\.gradle\caches\modules-2\files-2.1\net.sf.jopt-simple\jopt-simple\5.0.4\4fdac2fbe92dfad86aa6e9301736f6b4342a3f5c\jopt-simple-5.0.4.jar
[Architectury Transformer DEBUG]  - C:\Users\nicod\.gradle\caches\modules-2\files-2.1\org.apache.commons\commons-compress\1.28.0\e482f2c7a88dac3c497e96aa420b6a769f59c8d7\commons-compress-1.28.0.jar
[Architectury Transformer DEBUG]  - C:\Users\nicod\.gradle\caches\modules-2\files-2.1\org.apache.commons\commons-lang3\3.19.0\d6524b169a6574cd253760c472d419b47bfd37e6\commons-lang3-3.19.0.jar
[Architectury Transformer DEBUG]  - C:\Users\nicod\.gradle\caches\modules-2\files-2.1\org.apache.logging.log4j\log4j-api\2.25.2\292c1a2b1702f1e1e3adb13e1c57e5bff60335ff\log4j-api-2.25.2.jar
[Architectury Transformer DEBUG]  - C:\Users\nicod\.gradle\caches\modules-2\files-2.1\org.apache.logging.log4j\log4j-core\2.25.2\d4d0ad2e51e03e531f784891fbfff1bae1e13a12\log4j-core-2.25.2.jar
[Architectury Transformer DEBUG]  - C:\Users\nicod\.gradle\caches\modules-2\files-2.1\org.apache.logging.log4j\log4j-slf4j2-impl\2.25.2\5eec0c392661dee8a366baec17e8896900dd978f\log4j-slf4j2-impl-2.25.2.jar
[Architectury Transformer DEBUG]  - C:\Users\nicod\.gradle\caches\modules-2\files-2.1\org.jcraft\jorbis\0.0.17\8872d22b293e8f5d7d56ff92be966e6dc28ebdc6\jorbis-0.0.17.jar
[Architectury Transformer DEBUG]  - C:\Users\nicod\.gradle\caches\modules-2\files-2.1\org.joml\joml\1.10.8\fc0a71dad90a2cf41d82a76156a0e700af8e4f8d\joml-1.10.8.jar
[Architectury Transformer DEBUG]  - C:\Users\nicod\.gradle\caches\modules-2\files-2.1\org.jspecify\jspecify\1.0.0\7425a601c1c7ec76645a78d22b8c6a627edee507\jspecify-1.0.0.jar
[Architectury Transformer DEBUG]  - C:\Users\nicod\.gradle\caches\modules-2\files-2.1\org.lwjgl\lwjgl-freetype\3.3.3\a0db6c84a8becc8ca05f9dbfa985edc348a824c7\lwjgl-freetype-3.3.3.jar
[Architectury Transformer DEBUG]  - C:\Users\nicod\.gradle\caches\modules-2\files-2.1\org.lwjgl\lwjgl-glfw\3.3.3\efa1eb78c5ccd840e9f329717109b5e892d72f8e\lwjgl-glfw-3.3.3.jar
[Architectury Transformer DEBUG]  - C:\Users\nicod\.gradle\caches\modules-2\files-2.1\org.lwjgl\lwjgl-jemalloc\3.3.3\b543467b7ff3c6920539a88ee602d34098628be5\lwjgl-jemalloc-3.3.3.jar
[Architectury Transformer DEBUG]  - C:\Users\nicod\.gradle\caches\modules-2\files-2.1\org.lwjgl\lwjgl-openal\3.3.3\daada81ceb5fc0c291fbfdd4433cb8d9423577f2\lwjgl-openal-3.3.3.jar
[Architectury Transformer DEBUG]  - C:\Users\nicod\.gradle\caches\modules-2\files-2.1\org.lwjgl\lwjgl-opengl\3.3.3\2f6b0147078396a58979125a4c947664e98293a\lwjgl-opengl-3.3.3.jar
[Architectury Transformer DEBUG]  - C:\Users\nicod\.gradle\caches\modules-2\files-2.1\org.lwjgl\lwjgl-stb\3.3.3\25dd6161988d7e65f71d5065c99902402ee32746\lwjgl-stb-3.3.3.jar
[Architectury Transformer DEBUG]  - C:\Users\nicod\.gradle\caches\modules-2\files-2.1\org.lwjgl\lwjgl-tinyfd\3.3.3\82d755ca94b102e9ca77283b9e2dc46d1b15fbe5\lwjgl-tinyfd-3.3.3.jar
[Architectury Transformer DEBUG]  - C:\Users\nicod\.gradle\caches\modules-2\files-2.1\org.lwjgl\lwjgl\3.3.3\29589b5f87ed335a6c7e7ee6a5775f81f97ecb84\lwjgl-3.3.3.jar
[Architectury Transformer DEBUG]  - C:\Users\nicod\.gradle\caches\modules-2\files-2.1\org.slf4j\slf4j-api\2.0.17\d9e58ac9c7779ba3bf8142aff6c830617a7fe60f\slf4j-api-2.0.17.jar
[Architectury Transformer DEBUG]  - C:\Users\nicod\Downloads\stuck_arrows_for_all-1.21.11\stuck_arrows_for_all-1.21.11\.gradle\loom-cache\minecraftMaven\net\minecraft\minecraft-merged-06c5b3cb2e\1.21.11-loom.mappings.1_21_11.layered+hash.40545-v2\minecraft-merged-06c5b3cb2e-1.21.11-loom.mappings.1_21_11.layered+hash.40545-v2.jar
[Architectury Transformer DEBUG]  - C:\Users\nicod\.gradle\caches\modules-2\files-2.1\io.netty\netty-transport-native-epoll\4.2.7.Final\e83998bfc10b5289d9bcbe807c4079ef0eed8e6f\netty-transport-native-epoll-4.2.7.Final-linux-x86_64.jar
[Architectury Transformer DEBUG]  - C:\Users\nicod\.gradle\caches\modules-2\files-2.1\io.netty\netty-transport-native-epoll\4.2.7.Final\98d02251c98c8f07a23ac5ea27657d9e0ef57614\netty-transport-native-epoll-4.2.7.Final-linux-aarch_64.jar
[Architectury Transformer DEBUG]  - C:\Users\nicod\.gradle\caches\modules-2\files-2.1\io.netty\netty-transport-native-kqueue\4.2.7.Final\40868fd4e43bce2798245f790624b58803dc26b6\netty-transport-native-kqueue-4.2.7.Final-osx-x86_64.jar
[Architectury Transformer DEBUG]  - C:\Users\nicod\.gradle\caches\modules-2\files-2.1\io.netty\netty-transport-native-kqueue\4.2.7.Final\e5a0feef41410c8a5ae00c6cb4e0c99bd0aded6a\netty-transport-native-kqueue-4.2.7.Final-osx-aarch_64.jar
[Architectury Transformer] Read classpath in 1.736 s
[Architectury Transformer DEBUG] Remapping Classes:
[Architectury Transformer DEBUG] net/fabricmc/api/EnvType -> net/minecraftforge/api/distmarker/Dist
[Architectury Transformer DEBUG] net/fabricmc/api/Environment -> net/minecraftforge/api/distmarker/OnlyIn
[Architectury Transformer DEBUG] Found class transformer
[Architectury Transformer DEBUG] Writing traben/entity_pin_cushions/PinCushionLayer with maxs=true frames=true
[Architectury Transformer DEBUG] Writing traben/entity_pin_cushions/PinCushionLayer$BeeStingerLayer with maxs=true frames=true
[Architectury Transformer DEBUG] Writing traben/entity_pin_cushions/PinCushionLayer$ArrowLayer with maxs=true frames=true
[Architectury Transformer DEBUG] Writing traben/entity_pin_cushions/EntityPinCushions with maxs=true frames=true
[Architectury Transformer DEBUG] Writing traben/entity_pin_cushions/mixin/MixinAddLayer with maxs=true frames=true
[Architectury Transformer DEBUG] Writing traben/entity_pin_cushions/mixin/MixinEntityRenderDispatcher with maxs=true frames=true
[Architectury Transformer DEBUG] Checking whether /entity_pin_cushions.mixins.json is a mixin config.
[Architectury Transformer DEBUG] Checking whether /entity_pin_cushions-common-1.21.11-common-refmap.json is a mixin config.
[Architectury Transformer DEBUG] Found mixin config(s): entity_pin_cushions.mixins.json
[Architectury Transformer DEBUG] Injecting MixinConfigs into /META-INF/MANIFEST.MF
[Architectury Transformer DEBUG] Remapping refmap from intermediary to srg: entity_pin_cushions-common-1.21.11-common-refmap.json
[Architectury Transformer DEBUG] Remapped refmap value Lnet/minecraft/class_922;<init>(Lnet/minecraft/class_5617$class_5618;Lnet/minecraft/class_583;F)V -> Lnet/minecraft/client/renderer/entity/LivingEntityRenderer;<init>(Lnet/minecraft/client/renderer/entity/EntityRendererProvider$Context;Lnet/minecraft/client/model/EntityModel;F)V
[Architectury Transformer DEBUG] Remapped refmap value Lnet/minecraft/class_898;method_72977(Lnet/minecraft/class_1297;F)Lnet/minecraft/class_10017; -> Lnet/minecraft/client/renderer/entity/EntityRenderDispatcher;m_418641_(Lnet/minecraft/world/entity/Entity;F)Lnet/minecraft/client/renderer/entity/state/EntityRenderState;
[Architectury Transformer DEBUG] Remapped refmap value Lnet/minecraft/class_922;<init>(Lnet/minecraft/class_5617$class_5618;Lnet/minecraft/class_583;F)V -> Lnet/minecraft/client/renderer/entity/LivingEntityRenderer;<init>(Lnet/minecraft/client/renderer/entity/EntityRendererProvider$Context;Lnet/minecraft/client/model/EntityModel;F)V
[Architectury Transformer DEBUG] Remapped refmap value Lnet/minecraft/class_898;method_72977(Lnet/minecraft/class_1297;F)Lnet/minecraft/class_10017; -> Lnet/minecraft/client/renderer/entity/EntityRenderDispatcher;m_418641_(Lnet/minecraft/world/entity/Entity;F)Lnet/minecraft/client/renderer/entity/state/EntityRenderState;
[Architectury Transformer DEBUG] Closed File Systems for C:\Users\nicod\Downloads\stuck_arrows_for_all-1.21.11\stuck_arrows_for_all-1.21.11\common\build\libs\entity_pin_cushions-common-1.21.11-1.1-transformProductionForge.jar
[Architectury Transformer] Transformed jar with 7 transformer(s) in 2.524 s
[Architectury Transformer DEBUG] Closed File Systems for C:\Users\nicod\Downloads\stuck_arrows_for_all-1.21.11\stuck_arrows_for_all-1.21.11\common\build\libs\entity_pin_cushions-common-1.21.11-1.1.jar
[Architectury Transformer DEBUG] 
[Architectury Transformer DEBUG] ============================
[Architectury Transformer DEBUG] Transforming from C:\Users\nicod\Downloads\stuck_arrows_for_all-1.21.11\stuck_arrows_for_all-1.21.11\common\build\devlibs\entity_pin_cushions-common-1.21.11-1.1-dev.jar to C:\Users\nicod\Downloads\stuck_arrows_for_all-1.21.11\stuck_arrows_for_all-1.21.11\common\build\libs\entity_pin_cushions-common-1.21.11-1.1-transformProductionFabric.jar
[Architectury Transformer DEBUG] ============================
[Architectury Transformer DEBUG] 
[Architectury Transformer DEBUG] Transforming 5 transformer(s) from C:\Users\nicod\Downloads\stuck_arrows_for_all-1.21.11\stuck_arrows_for_all-1.21.11\common\build\devlibs\entity_pin_cushions-common-1.21.11-1.1-dev.jar to C:\Users\nicod\Downloads\stuck_arrows_for_all-1.21.11\stuck_arrows_for_all-1.21.11\common\build\libs\entity_pin_cushions-common-1.21.11-1.1-transformProductionFabric.jar: 
[Architectury Transformer DEBUG]  - dev.architectury.transformer.transformers.RemapMixinVariables@620e10ad
[Architectury Transformer DEBUG]  - dev.architectury.transformer.transformers.TransformExpectPlatform@4521b996
[Architectury Transformer DEBUG]  - dev.architectury.transformer.transformers.RemapInjectables@57385b89
[Architectury Transformer DEBUG]  - AddRefmapName(enabled=() -> kotlin.Boolean)
[Architectury Transformer DEBUG]  - dev.architectury.transformer.transformers.TransformPlatformOnly@3205d3db
[Architectury Transformer DEBUG] Transforming from C:\Users\nicod\Downloads\stuck_arrows_for_all-1.21.11\stuck_arrows_for_all-1.21.11\common\build\devlibs\entity_pin_cushions-common-1.21.11-1.1-dev.jar to C:\Users\nicod\Downloads\stuck_arrows_for_all-1.21.11\stuck_arrows_for_all-1.21.11\common\build\libs\entity_pin_cushions-common-1.21.11-1.1-transformProductionFabric.jar with 5 transformer(s) on dev.architectury.transformer.handler.SimpleTransformerHandler
[Architectury Transformer DEBUG] Reading mixin mappings file: C:\Users\nicod\Downloads\stuck_arrows_for_all-1.21.11\stuck_arrows_for_all-1.21.11\common\build\loom-cache\mixin-map-loom.mappings.1_21_11.layered+hash.40545-v2.main.tiny
[Architectury Transformer DEBUG] Remapping with 1 mapping provider(s):
[Architectury Transformer DEBUG]  - dev.architectury.transformer.shadowed.impl.dev.architectury.tinyremapper.TinyUtils$$Lambda/0x00000000255a1e28@5c6f5f89
[Architectury Transformer DEBUG] Provided 65 classpath jar(s):
[Architectury Transformer DEBUG]  - C:\Users\nicod\.gradle\caches\modules-2\files-2.1\dev.architectury\architectury-injectables\1.0.10\62db2a366d662606d1b23ad02ccc3212ed37ec3\architectury-injectables-1.0.10.jar
[Architectury Transformer DEBUG]  - C:\Users\nicod\.gradle\caches\modules-2\files-2.1\net.fabricmc\fabric-loader\0.19.5\ff9e65cffca4a67f31523e1807fe0855940fcbfa\fabric-loader-0.19.5.jar
[Architectury Transformer DEBUG]  - C:\Users\nicod\.gradle\caches\modules-2\files-2.1\org.jetbrains\annotations\26.0.2\c7ce3cdeda3d18909368dfe5977332dfad326c6d\annotations-26.0.2.jar
[Architectury Transformer DEBUG]  - C:\Users\nicod\.gradle\caches\modules-2\files-2.1\org.ow2.asm\asm\9.10.1\ada2141c0cc52ee8f5c48cd5fa4ce0e794f22236\asm-9.10.1.jar
[Architectury Transformer DEBUG]  - C:\Users\nicod\.gradle\caches\modules-2\files-2.1\org.ow2.asm\asm-analysis\9.10.1\8d49f14d51f632cb1d87c88d1ceaf50db0d8af1b\asm-analysis-9.10.1.jar
[Architectury Transformer DEBUG]  - C:\Users\nicod\.gradle\caches\modules-2\files-2.1\org.ow2.asm\asm-commons\9.10.1\4229e4c55fd8e01c23f9fe9884075cc628aacc50\asm-commons-9.10.1.jar
[Architectury Transformer DEBUG]  - C:\Users\nicod\.gradle\caches\modules-2\files-2.1\org.ow2.asm\asm-tree\9.10.1\e244332a17564c1d1572449399a842de35881be2\asm-tree-9.10.1.jar
[Architectury Transformer DEBUG]  - C:\Users\nicod\.gradle\caches\modules-2\files-2.1\org.ow2.asm\asm-util\9.10.1\7bb9d450e8d4cbf9f9e04096c44bbfe7fba80b15\asm-util-9.10.1.jar
[Architectury Transformer DEBUG]  - C:\Users\nicod\.gradle\caches\modules-2\files-2.1\net.fabricmc\sponge-mixin\0.17.3+mixin.0.8.7\41c4a3984a80f4679e759fb9f495587acc5cdac7\sponge-mixin-0.17.3+mixin.0.8.7.jar
[Architectury Transformer DEBUG]  - C:\Users\nicod\.gradle\caches\modules-2\files-2.1\io.github.llamalad7\mixinextras-fabric\0.5.4\5e167154bcb9942111313a5e186e16cd7265f858\mixinextras-fabric-0.5.4.jar
[Architectury Transformer DEBUG]  - C:\Users\nicod\.gradle\caches\modules-2\files-2.1\at.yawk.lz4\lz4-java\1.8.1\1f30a180ee04ccd53339a716aec13cae60a013b5\lz4-java-1.8.1.jar
[Architectury Transformer DEBUG]  - C:\Users\nicod\.gradle\caches\modules-2\files-2.1\com.azure\azure-json\1.4.0\fcc1d354dbc3e0300e5276b1bf124d0247799cd8\azure-json-1.4.0.jar
[Architectury Transformer DEBUG]  - C:\Users\nicod\.gradle\caches\modules-2\files-2.1\com.github.oshi\oshi-core\6.9.0\3224870731860cfcd7744581a05b559e94291e7\oshi-core-6.9.0.jar
[Architectury Transformer DEBUG]  - C:\Users\nicod\.gradle\caches\modules-2\files-2.1\com.google.code.gson\gson\2.13.2\48b8230771e573b54ce6e867a9001e75977fe78e\gson-2.13.2.jar
[Architectury Transformer DEBUG]  - C:\Users\nicod\.gradle\caches\modules-2\files-2.1\com.google.guava\failureaccess\1.0.3\aeaffd00d57023a2c947393ed251f0354f0985fc\failureaccess-1.0.3.jar
[Architectury Transformer DEBUG]  - C:\Users\nicod\.gradle\caches\modules-2\files-2.1\com.google.guava\guava\33.5.0-jre\8699de25f2f979108d6c1b804a7ba38cda1116bc\guava-33.5.0-jre.jar
[Architectury Transformer DEBUG]  - C:\Users\nicod\.gradle\caches\modules-2\files-2.1\com.ibm.icu\icu4j\77.1\38693cf0b1d7362a8b726af74dc06026a7c23809\icu4j-77.1.jar
[Architectury Transformer DEBUG]  - C:\Users\nicod\.gradle\caches\modules-2\files-2.1\com.microsoft.azure\msal4j\1.23.1\6c722b514873b24a4e1ce9c22dca36ea3c22bdbe\msal4j-1.23.1.jar
[Architectury Transformer DEBUG]  - C:\Users\nicod\.gradle\caches\modules-2\files-2.1\com.mojang\authlib\7.0.61\efee1e6b54e863108576eb3b3ae71144626aaefc\authlib-7.0.61.jar
[Architectury Transformer DEBUG]  - C:\Users\nicod\.gradle\caches\modules-2\files-2.1\com.mojang\blocklist\1.0.10\5c685c5ffa94c4cd39496c7184c1d122e515ecef\blocklist-1.0.10.jar
[Architectury Transformer DEBUG]  - C:\Users\nicod\.gradle\caches\modules-2\files-2.1\com.mojang\brigadier\1.3.10\d15b53a14cf20fdcaa98f731af5dda654452c010\brigadier-1.3.10.jar
[Architectury Transformer DEBUG]  - C:\Users\nicod\.gradle\caches\modules-2\files-2.1\com.mojang\datafixerupper\9.0.19\4e91f9712fa1e83231d1501625381b0210a977da\datafixerupper-9.0.19.jar
[Architectury Transformer DEBUG]  - C:\Users\nicod\.gradle\caches\modules-2\files-2.1\com.mojang\jtracy\1.0.37\a3fb649b2e2b2288d2978f0b0bc3d83f62809d1e\jtracy-1.0.37.jar
[Architectury Transformer DEBUG]  - C:\Users\nicod\.gradle\caches\modules-2\files-2.1\com.mojang\logging\1.6.11\fd147240733010c158249d986323f9ef98977fe\logging-1.6.11.jar
[Architectury Transformer DEBUG]  - C:\Users\nicod\.gradle\caches\modules-2\files-2.1\com.mojang\patchy\2.2.10\da05971b07cbb379d002cf7eaec6a2048211fefc\patchy-2.2.10.jar
[Architectury Transformer DEBUG]  - C:\Users\nicod\.gradle\caches\modules-2\files-2.1\com.mojang\text2speech\1.18.11\e853a12cdd6ba4f4836e8f4bf3b37844a13482b6\text2speech-1.18.11.jar
[Architectury Transformer DEBUG]  - C:\Users\nicod\.gradle\caches\modules-2\files-2.1\commons-codec\commons-codec\1.19.0\8c0dbe3ae883fceda9b50a6c76e745e548073388\commons-codec-1.19.0.jar
[Architectury Transformer DEBUG]  - C:\Users\nicod\.gradle\caches\modules-2\files-2.1\commons-io\commons-io\2.20.0\36f3474daec2849c149e877614e7f979b2082cd2\commons-io-2.20.0.jar
[Architectury Transformer DEBUG]  - C:\Users\nicod\.gradle\caches\modules-2\files-2.1\io.netty\netty-buffer\4.2.7.Final\5555ff561643bf2f8430fb57c24403c0efe15994\netty-buffer-4.2.7.Final.jar
[Architectury Transformer DEBUG]  - C:\Users\nicod\.gradle\caches\modules-2\files-2.1\io.netty\netty-codec-base\4.2.7.Final\915e381ebabcf115f1c7ff7032d55c48afb50210\netty-codec-base-4.2.7.Final.jar
[Architectury Transformer DEBUG]  - C:\Users\nicod\.gradle\caches\modules-2\files-2.1\io.netty\netty-codec-compression\4.2.7.Final\572341bc1ca90fd9d6e47f1d2694aab5258566e9\netty-codec-compression-4.2.7.Final.jar
[Architectury Transformer DEBUG]  - C:\Users\nicod\.gradle\caches\modules-2\files-2.1\io.netty\netty-codec-http\4.2.7.Final\b734c108854099c421fd94d92d9f865e4d4da853\netty-codec-http-4.2.7.Final.jar
[Architectury Transformer DEBUG]  - C:\Users\nicod\.gradle\caches\modules-2\files-2.1\io.netty\netty-common\4.2.7.Final\11aa30df26af4fca3239ac1917f303a280f301e1\netty-common-4.2.7.Final.jar
[Architectury Transformer DEBUG]  - C:\Users\nicod\.gradle\caches\modules-2\files-2.1\io.netty\netty-handler\4.2.7.Final\7ad8a1f851e2e6fe93cdd091871fda2b81c03b5b\netty-handler-4.2.7.Final.jar
[Architectury Transformer DEBUG]  - C:\Users\nicod\.gradle\caches\modules-2\files-2.1\io.netty\netty-resolver\4.2.7.Final\5f3e5ef8de03992cd4fb46960dc0085ec1a12a12\netty-resolver-4.2.7.Final.jar
[Architectury Transformer DEBUG]  - C:\Users\nicod\.gradle\caches\modules-2\files-2.1\io.netty\netty-transport-classes-epoll\4.2.7.Final\1075c09f48a78eef9d819fbfd9096b903fdd362a\netty-transport-classes-epoll-4.2.7.Final.jar
[Architectury Transformer DEBUG]  - C:\Users\nicod\.gradle\caches\modules-2\files-2.1\io.netty\netty-transport-classes-kqueue\4.2.7.Final\bdec7c23c75caabd848426d073c09568e8d5f94e\netty-transport-classes-kqueue-4.2.7.Final.jar
[Architectury Transformer DEBUG]  - C:\Users\nicod\.gradle\caches\modules-2\files-2.1\io.netty\netty-transport-native-unix-common\4.2.7.Final\89953f04259ea7502cffb313630dd51e00e60669\netty-transport-native-unix-common-4.2.7.Final.jar
[Architectury Transformer DEBUG]  - C:\Users\nicod\.gradle\caches\modules-2\files-2.1\io.netty\netty-transport\4.2.7.Final\83ea548981d0d8c4a98027cc1a6f9624f902e142\netty-transport-4.2.7.Final.jar
[Architectury Transformer DEBUG]  - C:\Users\nicod\.gradle\caches\modules-2\files-2.1\it.unimi.dsi\fastutil\8.5.18\a6cff377eecc19c2037bf31568a6d7106b50ba1f\fastutil-8.5.18.jar
[Architectury Transformer DEBUG]  - C:\Users\nicod\.gradle\caches\modules-2\files-2.1\net.java.dev.jna\jna-platform\5.17.0\a4934c44d25a9d8c2ddf4203affd20330cb3426f\jna-platform-5.17.0.jar
[Architectury Transformer DEBUG]  - C:\Users\nicod\.gradle\caches\modules-2\files-2.1\net.java.dev.jna\jna\5.17.0\33d12735bef894440780fce64f9758d420c7bae2\jna-5.17.0.jar
[Architectury Transformer DEBUG]  - C:\Users\nicod\.gradle\caches\modules-2\files-2.1\net.sf.jopt-simple\jopt-simple\5.0.4\4fdac2fbe92dfad86aa6e9301736f6b4342a3f5c\jopt-simple-5.0.4.jar
[Architectury Transformer DEBUG]  - C:\Users\nicod\.gradle\caches\modules-2\files-2.1\org.apache.commons\commons-compress\1.28.0\e482f2c7a88dac3c497e96aa420b6a769f59c8d7\commons-compress-1.28.0.jar
[Architectury Transformer DEBUG]  - C:\Users\nicod\.gradle\caches\modules-2\files-2.1\org.apache.commons\commons-lang3\3.19.0\d6524b169a6574cd253760c472d419b47bfd37e6\commons-lang3-3.19.0.jar
[Architectury Transformer DEBUG]  - C:\Users\nicod\.gradle\caches\modules-2\files-2.1\org.apache.logging.log4j\log4j-api\2.25.2\292c1a2b1702f1e1e3adb13e1c57e5bff60335ff\log4j-api-2.25.2.jar
[Architectury Transformer DEBUG]  - C:\Users\nicod\.gradle\caches\modules-2\files-2.1\org.apache.logging.log4j\log4j-core\2.25.2\d4d0ad2e51e03e531f784891fbfff1bae1e13a12\log4j-core-2.25.2.jar
[Architectury Transformer DEBUG]  - C:\Users\nicod\.gradle\caches\modules-2\files-2.1\org.apache.logging.log4j\log4j-slf4j2-impl\2.25.2\5eec0c392661dee8a366baec17e8896900dd978f\log4j-slf4j2-impl-2.25.2.jar
[Architectury Transformer DEBUG]  - C:\Users\nicod\.gradle\caches\modules-2\files-2.1\org.jcraft\jorbis\0.0.17\8872d22b293e8f5d7d56ff92be966e6dc28ebdc6\jorbis-0.0.17.jar
[Architectury Transformer DEBUG]  - C:\Users\nicod\.gradle\caches\modules-2\files-2.1\org.joml\joml\1.10.8\fc0a71dad90a2cf41d82a76156a0e700af8e4f8d\joml-1.10.8.jar
[Architectury Transformer DEBUG]  - C:\Users\nicod\.gradle\caches\modules-2\files-2.1\org.jspecify\jspecify\1.0.0\7425a601c1c7ec76645a78d22b8c6a627edee507\jspecify-1.0.0.jar
[Architectury Transformer DEBUG]  - C:\Users\nicod\.gradle\caches\modules-2\files-2.1\org.lwjgl\lwjgl-freetype\3.3.3\a0db6c84a8becc8ca05f9dbfa985edc348a824c7\lwjgl-freetype-3.3.3.jar
[Architectury Transformer DEBUG]  - C:\Users\nicod\.gradle\caches\modules-2\files-2.1\org.lwjgl\lwjgl-glfw\3.3.3\efa1eb78c5ccd840e9f329717109b5e892d72f8e\lwjgl-glfw-3.3.3.jar
[Architectury Transformer DEBUG]  - C:\Users\nicod\.gradle\caches\modules-2\files-2.1\org.lwjgl\lwjgl-jemalloc\3.3.3\b543467b7ff3c6920539a88ee602d34098628be5\lwjgl-jemalloc-3.3.3.jar
[Architectury Transformer DEBUG]  - C:\Users\nicod\.gradle\caches\modules-2\files-2.1\org.lwjgl\lwjgl-openal\3.3.3\daada81ceb5fc0c291fbfdd4433cb8d9423577f2\lwjgl-openal-3.3.3.jar
[Architectury Transformer DEBUG]  - C:\Users\nicod\.gradle\caches\modules-2\files-2.1\org.lwjgl\lwjgl-opengl\3.3.3\2f6b0147078396a58979125a4c947664e98293a\lwjgl-opengl-3.3.3.jar
[Architectury Transformer DEBUG]  - C:\Users\nicod\.gradle\caches\modules-2\files-2.1\org.lwjgl\lwjgl-stb\3.3.3\25dd6161988d7e65f71d5065c99902402ee32746\lwjgl-stb-3.3.3.jar
[Architectury Transformer DEBUG]  - C:\Users\nicod\.gradle\caches\modules-2\files-2.1\org.lwjgl\lwjgl-tinyfd\3.3.3\82d755ca94b102e9ca77283b9e2dc46d1b15fbe5\lwjgl-tinyfd-3.3.3.jar
[Architectury Transformer DEBUG]  - C:\Users\nicod\.gradle\caches\modules-2\files-2.1\org.lwjgl\lwjgl\3.3.3\29589b5f87ed335a6c7e7ee6a5775f81f97ecb84\lwjgl-3.3.3.jar
[Architectury Transformer DEBUG]  - C:\Users\nicod\.gradle\caches\modules-2\files-2.1\org.slf4j\slf4j-api\2.0.17\d9e58ac9c7779ba3bf8142aff6c830617a7fe60f\slf4j-api-2.0.17.jar
[Architectury Transformer DEBUG]  - C:\Users\nicod\Downloads\stuck_arrows_for_all-1.21.11\stuck_arrows_for_all-1.21.11\.gradle\loom-cache\minecraftMaven\net\minecraft\minecraft-merged-06c5b3cb2e\1.21.11-loom.mappings.1_21_11.layered+hash.40545-v2\minecraft-merged-06c5b3cb2e-1.21.11-loom.mappings.1_21_11.layered+hash.40545-v2.jar
[Architectury Transformer DEBUG]  - C:\Users\nicod\.gradle\caches\modules-2\files-2.1\io.netty\netty-transport-native-epoll\4.2.7.Final\e83998bfc10b5289d9bcbe807c4079ef0eed8e6f\netty-transport-native-epoll-4.2.7.Final-linux-x86_64.jar
[Architectury Transformer DEBUG]  - C:\Users\nicod\.gradle\caches\modules-2\files-2.1\io.netty\netty-transport-native-epoll\4.2.7.Final\98d02251c98c8f07a23ac5ea27657d9e0ef57614\netty-transport-native-epoll-4.2.7.Final-linux-aarch_64.jar
[Architectury Transformer DEBUG]  - C:\Users\nicod\.gradle\caches\modules-2\files-2.1\io.netty\netty-transport-native-kqueue\4.2.7.Final\40868fd4e43bce2798245f790624b58803dc26b6\netty-transport-native-kqueue-4.2.7.Final-osx-x86_64.jar
[Architectury Transformer DEBUG]  - C:\Users\nicod\.gradle\caches\modules-2\files-2.1\io.netty\netty-transport-native-kqueue\4.2.7.Final\e5a0feef41410c8a5ae00c6cb4e0c99bd0aded6a\netty-transport-native-kqueue-4.2.7.Final-osx-aarch_64.jar
[Architectury Transformer] Read classpath in 2.073 s
[Architectury Transformer DEBUG] Remapping Classes:
[Architectury Transformer DEBUG] Found class transformer
[Architectury Transformer DEBUG] Writing traben/entity_pin_cushions/PinCushionLayer with maxs=true frames=true
[Architectury Transformer DEBUG] Writing traben/entity_pin_cushions/PinCushionLayer$ArrowLayer with maxs=true frames=true
[Architectury Transformer DEBUG] Writing traben/entity_pin_cushions/PinCushionLayer$BeeStingerLayer with maxs=true frames=true
[Architectury Transformer DEBUG] Writing traben/entity_pin_cushions/EntityPinCushions with maxs=true frames=true
[Architectury Transformer DEBUG] Writing traben/entity_pin_cushions/mixin/MixinEntityRenderDispatcher with maxs=true frames=true
[Architectury Transformer DEBUG] Writing traben/entity_pin_cushions/mixin/MixinAddLayer with maxs=true frames=true
[Architectury Transformer DEBUG] Checking whether /entity_pin_cushions.mixins.json is a mixin config.
[Architectury Transformer DEBUG] Checking whether /entity_pin_cushions-common-1.21.11-common-refmap.json is a mixin config.
[Architectury Transformer DEBUG] Found mixin config(s): /entity_pin_cushions.mixins.json
[Architectury Transformer DEBUG] Injecting entity_pin_cushions-common-1.21.11-common-refmap.json to /entity_pin_cushions.mixins.json
[Architectury Transformer DEBUG] Closed File Systems for C:\Users\nicod\Downloads\stuck_arrows_for_all-1.21.11\stuck_arrows_for_all-1.21.11\common\build\libs\entity_pin_cushions-common-1.21.11-1.1-transformProductionFabric.jar
[Architectury Transformer] Transformed jar with 5 transformer(s) in 2.526 s
[Architectury Transformer DEBUG] 
[Architectury Transformer DEBUG] ============================
[Architectury Transformer DEBUG] Transforming from C:\Users\nicod\Downloads\stuck_arrows_for_all-1.21.11\stuck_arrows_for_all-1.21.11\common\build\devlibs\entity_pin_cushions-common-1.21.11-1.1-dev.jar to C:\Users\nicod\Downloads\stuck_arrows_for_all-1.21.11\stuck_arrows_for_all-1.21.11\common\build\libs\entity_pin_cushions-common-1.21.11-1.1-transformProductionForge.jar
[Architectury Transformer DEBUG] ============================
[Architectury Transformer DEBUG] 
[Architectury Transformer DEBUG] Transforming 7 transformer(s) from C:\Users\nicod\Downloads\stuck_arrows_for_all-1.21.11\stuck_arrows_for_all-1.21.11\common\build\devlibs\entity_pin_cushions-common-1.21.11-1.1-dev.jar to C:\Users\nicod\Downloads\stuck_arrows_for_all-1.21.11\stuck_arrows_for_all-1.21.11\common\build\libs\entity_pin_cushions-common-1.21.11-1.1-transformProductionForge.jar: 
[Architectury Transformer DEBUG]  - dev.architectury.transformer.transformers.TransformExpectPlatform@55e4d30b
[Architectury Transformer DEBUG]  - dev.architectury.transformer.transformers.RemapInjectables@69e74a15
[Architectury Transformer DEBUG]  - AddRefmapName(enabled=() -> kotlin.Boolean)
[Architectury Transformer DEBUG]  - dev.architectury.transformer.transformers.TransformPlatformOnly@5e4b9bc3
[Architectury Transformer DEBUG]  - dev.architectury.transformer.transformers.TransformForgeAnnotations@74897d42
[Architectury Transformer DEBUG]  - dev.architectury.transformer.transformers.TransformForgeEnvironment@3b36a41c
[Architectury Transformer DEBUG]  - dev.architectury.transformer.transformers.FixForgeMixin@3acefec
[Architectury Transformer DEBUG] Transforming from C:\Users\nicod\Downloads\stuck_arrows_for_all-1.21.11\stuck_arrows_for_all-1.21.11\common\build\devlibs\entity_pin_cushions-common-1.21.11-1.1-dev.jar to C:\Users\nicod\Downloads\stuck_arrows_for_all-1.21.11\stuck_arrows_for_all-1.21.11\common\build\libs\entity_pin_cushions-common-1.21.11-1.1-transformProductionForge.jar with 7 transformer(s) on dev.architectury.transformer.handler.SimpleTransformerHandler
[Architectury Transformer DEBUG] Remapping with 1 mapping provider(s):
[Architectury Transformer DEBUG]  - dev.architectury.transformer.transformers.TransformForgeEnvironment$$Lambda/0x00000000255e8958@54b90397
[Architectury Transformer DEBUG] Provided 65 classpath jar(s):
[Architectury Transformer DEBUG]  - C:\Users\nicod\.gradle\caches\modules-2\files-2.1\dev.architectury\architectury-injectables\1.0.10\62db2a366d662606d1b23ad02ccc3212ed37ec3\architectury-injectables-1.0.10.jar
[Architectury Transformer DEBUG]  - C:\Users\nicod\.gradle\caches\modules-2\files-2.1\net.fabricmc\fabric-loader\0.19.5\ff9e65cffca4a67f31523e1807fe0855940fcbfa\fabric-loader-0.19.5.jar
[Architectury Transformer DEBUG]  - C:\Users\nicod\.gradle\caches\modules-2\files-2.1\org.jetbrains\annotations\26.0.2\c7ce3cdeda3d18909368dfe5977332dfad326c6d\annotations-26.0.2.jar
[Architectury Transformer DEBUG]  - C:\Users\nicod\.gradle\caches\modules-2\files-2.1\org.ow2.asm\asm\9.10.1\ada2141c0cc52ee8f5c48cd5fa4ce0e794f22236\asm-9.10.1.jar
[Architectury Transformer DEBUG]  - C:\Users\nicod\.gradle\caches\modules-2\files-2.1\org.ow2.asm\asm-analysis\9.10.1\8d49f14d51f632cb1d87c88d1ceaf50db0d8af1b\asm-analysis-9.10.1.jar
[Architectury Transformer DEBUG]  - C:\Users\nicod\.gradle\caches\modules-2\files-2.1\org.ow2.asm\asm-commons\9.10.1\4229e4c55fd8e01c23f9fe9884075cc628aacc50\asm-commons-9.10.1.jar
[Architectury Transformer DEBUG]  - C:\Users\nicod\.gradle\caches\modules-2\files-2.1\org.ow2.asm\asm-tree\9.10.1\e244332a17564c1d1572449399a842de35881be2\asm-tree-9.10.1.jar
[Architectury Transformer DEBUG]  - C:\Users\nicod\.gradle\caches\modules-2\files-2.1\org.ow2.asm\asm-util\9.10.1\7bb9d450e8d4cbf9f9e04096c44bbfe7fba80b15\asm-util-9.10.1.jar
[Architectury Transformer DEBUG]  - C:\Users\nicod\.gradle\caches\modules-2\files-2.1\net.fabricmc\sponge-mixin\0.17.3+mixin.0.8.7\41c4a3984a80f4679e759fb9f495587acc5cdac7\sponge-mixin-0.17.3+mixin.0.8.7.jar
[Architectury Transformer DEBUG]  - C:\Users\nicod\.gradle\caches\modules-2\files-2.1\io.github.llamalad7\mixinextras-fabric\0.5.4\5e167154bcb9942111313a5e186e16cd7265f858\mixinextras-fabric-0.5.4.jar
[Architectury Transformer DEBUG]  - C:\Users\nicod\.gradle\caches\modules-2\files-2.1\at.yawk.lz4\lz4-java\1.8.1\1f30a180ee04ccd53339a716aec13cae60a013b5\lz4-java-1.8.1.jar
[Architectury Transformer DEBUG]  - C:\Users\nicod\.gradle\caches\modules-2\files-2.1\com.azure\azure-json\1.4.0\fcc1d354dbc3e0300e5276b1bf124d0247799cd8\azure-json-1.4.0.jar
[Architectury Transformer DEBUG]  - C:\Users\nicod\.gradle\caches\modules-2\files-2.1\com.github.oshi\oshi-core\6.9.0\3224870731860cfcd7744581a05b559e94291e7\oshi-core-6.9.0.jar
[Architectury Transformer DEBUG]  - C:\Users\nicod\.gradle\caches\modules-2\files-2.1\com.google.code.gson\gson\2.13.2\48b8230771e573b54ce6e867a9001e75977fe78e\gson-2.13.2.jar
[Architectury Transformer DEBUG]  - C:\Users\nicod\.gradle\caches\modules-2\files-2.1\com.google.guava\failureaccess\1.0.3\aeaffd00d57023a2c947393ed251f0354f0985fc\failureaccess-1.0.3.jar
[Architectury Transformer DEBUG]  - C:\Users\nicod\.gradle\caches\modules-2\files-2.1\com.google.guava\guava\33.5.0-jre\8699de25f2f979108d6c1b804a7ba38cda1116bc\guava-33.5.0-jre.jar
[Architectury Transformer DEBUG]  - C:\Users\nicod\.gradle\caches\modules-2\files-2.1\com.ibm.icu\icu4j\77.1\38693cf0b1d7362a8b726af74dc06026a7c23809\icu4j-77.1.jar
[Architectury Transformer DEBUG]  - C:\Users\nicod\.gradle\caches\modules-2\files-2.1\com.microsoft.azure\msal4j\1.23.1\6c722b514873b24a4e1ce9c22dca36ea3c22bdbe\msal4j-1.23.1.jar
[Architectury Transformer DEBUG]  - C:\Users\nicod\.gradle\caches\modules-2\files-2.1\com.mojang\authlib\7.0.61\efee1e6b54e863108576eb3b3ae71144626aaefc\authlib-7.0.61.jar
[Architectury Transformer DEBUG]  - C:\Users\nicod\.gradle\caches\modules-2\files-2.1\com.mojang\blocklist\1.0.10\5c685c5ffa94c4cd39496c7184c1d122e515ecef\blocklist-1.0.10.jar
[Architectury Transformer DEBUG]  - C:\Users\nicod\.gradle\caches\modules-2\files-2.1\com.mojang\brigadier\1.3.10\d15b53a14cf20fdcaa98f731af5dda654452c010\brigadier-1.3.10.jar
[Architectury Transformer DEBUG]  - C:\Users\nicod\.gradle\caches\modules-2\files-2.1\com.mojang\datafixerupper\9.0.19\4e91f9712fa1e83231d1501625381b0210a977da\datafixerupper-9.0.19.jar
[Architectury Transformer DEBUG]  - C:\Users\nicod\.gradle\caches\modules-2\files-2.1\com.mojang\jtracy\1.0.37\a3fb649b2e2b2288d2978f0b0bc3d83f62809d1e\jtracy-1.0.37.jar
[Architectury Transformer DEBUG]  - C:\Users\nicod\.gradle\caches\modules-2\files-2.1\com.mojang\logging\1.6.11\fd147240733010c158249d986323f9ef98977fe\logging-1.6.11.jar
[Architectury Transformer DEBUG]  - C:\Users\nicod\.gradle\caches\modules-2\files-2.1\com.mojang\patchy\2.2.10\da05971b07cbb379d002cf7eaec6a2048211fefc\patchy-2.2.10.jar
[Architectury Transformer DEBUG]  - C:\Users\nicod\.gradle\caches\modules-2\files-2.1\com.mojang\text2speech\1.18.11\e853a12cdd6ba4f4836e8f4bf3b37844a13482b6\text2speech-1.18.11.jar
[Architectury Transformer DEBUG]  - C:\Users\nicod\.gradle\caches\modules-2\files-2.1\commons-codec\commons-codec\1.19.0\8c0dbe3ae883fceda9b50a6c76e745e548073388\commons-codec-1.19.0.jar
[Architectury Transformer DEBUG]  - C:\Users\nicod\.gradle\caches\modules-2\files-2.1\commons-io\commons-io\2.20.0\36f3474daec2849c149e877614e7f979b2082cd2\commons-io-2.20.0.jar
[Architectury Transformer DEBUG]  - C:\Users\nicod\.gradle\caches\modules-2\files-2.1\io.netty\netty-buffer\4.2.7.Final\5555ff561643bf2f8430fb57c24403c0efe15994\netty-buffer-4.2.7.Final.jar
[Architectury Transformer DEBUG]  - C:\Users\nicod\.gradle\caches\modules-2\files-2.1\io.netty\netty-codec-base\4.2.7.Final\915e381ebabcf115f1c7ff7032d55c48afb50210\netty-codec-base-4.2.7.Final.jar
[Architectury Transformer DEBUG]  - C:\Users\nicod\.gradle\caches\modules-2\files-2.1\io.netty\netty-codec-compression\4.2.7.Final\572341bc1ca90fd9d6e47f1d2694aab5258566e9\netty-codec-compression-4.2.7.Final.jar
[Architectury Transformer DEBUG]  - C:\Users\nicod\.gradle\caches\modules-2\files-2.1\io.netty\netty-codec-http\4.2.7.Final\b734c108854099c421fd94d92d9f865e4d4da853\netty-codec-http-4.2.7.Final.jar
[Architectury Transformer DEBUG]  - C:\Users\nicod\.gradle\caches\modules-2\files-2.1\io.netty\netty-common\4.2.7.Final\11aa30df26af4fca3239ac1917f303a280f301e1\netty-common-4.2.7.Final.jar
[Architectury Transformer DEBUG]  - C:\Users\nicod\.gradle\caches\modules-2\files-2.1\io.netty\netty-handler\4.2.7.Final\7ad8a1f851e2e6fe93cdd091871fda2b81c03b5b\netty-handler-4.2.7.Final.jar
[Architectury Transformer DEBUG]  - C:\Users\nicod\.gradle\caches\modules-2\files-2.1\io.netty\netty-resolver\4.2.7.Final\5f3e5ef8de03992cd4fb46960dc0085ec1a12a12\netty-resolver-4.2.7.Final.jar
[Architectury Transformer DEBUG]  - C:\Users\nicod\.gradle\caches\modules-2\files-2.1\io.netty\netty-transport-classes-epoll\4.2.7.Final\1075c09f48a78eef9d819fbfd9096b903fdd362a\netty-transport-classes-epoll-4.2.7.Final.jar
[Architectury Transformer DEBUG]  - C:\Users\nicod\.gradle\caches\modules-2\files-2.1\io.netty\netty-transport-classes-kqueue\4.2.7.Final\bdec7c23c75caabd848426d073c09568e8d5f94e\netty-transport-classes-kqueue-4.2.7.Final.jar
[Architectury Transformer DEBUG]  - C:\Users\nicod\.gradle\caches\modules-2\files-2.1\io.netty\netty-transport-native-unix-common\4.2.7.Final\89953f04259ea7502cffb313630dd51e00e60669\netty-transport-native-unix-common-4.2.7.Final.jar
[Architectury Transformer DEBUG]  - C:\Users\nicod\.gradle\caches\modules-2\files-2.1\io.netty\netty-transport\4.2.7.Final\83ea548981d0d8c4a98027cc1a6f9624f902e142\netty-transport-4.2.7.Final.jar
[Architectury Transformer DEBUG]  - C:\Users\nicod\.gradle\caches\modules-2\files-2.1\it.unimi.dsi\fastutil\8.5.18\a6cff377eecc19c2037bf31568a6d7106b50ba1f\fastutil-8.5.18.jar
[Architectury Transformer DEBUG]  - C:\Users\nicod\.gradle\caches\modules-2\files-2.1\net.java.dev.jna\jna-platform\5.17.0\a4934c44d25a9d8c2ddf4203affd20330cb3426f\jna-platform-5.17.0.jar
[Architectury Transformer DEBUG]  - C:\Users\nicod\.gradle\caches\modules-2\files-2.1\net.java.dev.jna\jna\5.17.0\33d12735bef894440780fce64f9758d420c7bae2\jna-5.17.0.jar
[Architectury Transformer DEBUG]  - C:\Users\nicod\.gradle\caches\modules-2\files-2.1\net.sf.jopt-simple\jopt-simple\5.0.4\4fdac2fbe92dfad86aa6e9301736f6b4342a3f5c\jopt-simple-5.0.4.jar
[Architectury Transformer DEBUG]  - C:\Users\nicod\.gradle\caches\modules-2\files-2.1\org.apache.commons\commons-compress\1.28.0\e482f2c7a88dac3c497e96aa420b6a769f59c8d7\commons-compress-1.28.0.jar
[Architectury Transformer DEBUG]  - C:\Users\nicod\.gradle\caches\modules-2\files-2.1\org.apache.commons\commons-lang3\3.19.0\d6524b169a6574cd253760c472d419b47bfd37e6\commons-lang3-3.19.0.jar
[Architectury Transformer DEBUG]  - C:\Users\nicod\.gradle\caches\modules-2\files-2.1\org.apache.logging.log4j\log4j-api\2.25.2\292c1a2b1702f1e1e3adb13e1c57e5bff60335ff\log4j-api-2.25.2.jar
[Architectury Transformer DEBUG]  - C:\Users\nicod\.gradle\caches\modules-2\files-2.1\org.apache.logging.log4j\log4j-core\2.25.2\d4d0ad2e51e03e531f784891fbfff1bae1e13a12\log4j-core-2.25.2.jar
[Architectury Transformer DEBUG]  - C:\Users\nicod\.gradle\caches\modules-2\files-2.1\org.apache.logging.log4j\log4j-slf4j2-impl\2.25.2\5eec0c392661dee8a366baec17e8896900dd978f\log4j-slf4j2-impl-2.25.2.jar
[Architectury Transformer DEBUG]  - C:\Users\nicod\.gradle\caches\modules-2\files-2.1\org.jcraft\jorbis\0.0.17\8872d22b293e8f5d7d56ff92be966e6dc28ebdc6\jorbis-0.0.17.jar
[Architectury Transformer DEBUG]  - C:\Users\nicod\.gradle\caches\modules-2\files-2.1\org.joml\joml\1.10.8\fc0a71dad90a2cf41d82a76156a0e700af8e4f8d\joml-1.10.8.jar
[Architectury Transformer DEBUG]  - C:\Users\nicod\.gradle\caches\modules-2\files-2.1\org.jspecify\jspecify\1.0.0\7425a601c1c7ec76645a78d22b8c6a627edee507\jspecify-1.0.0.jar
[Architectury Transformer DEBUG]  - C:\Users\nicod\.gradle\caches\modules-2\files-2.1\org.lwjgl\lwjgl-freetype\3.3.3\a0db6c84a8becc8ca05f9dbfa985edc348a824c7\lwjgl-freetype-3.3.3.jar
[Architectury Transformer DEBUG]  - C:\Users\nicod\.gradle\caches\modules-2\files-2.1\org.lwjgl\lwjgl-glfw\3.3.3\efa1eb78c5ccd840e9f329717109b5e892d72f8e\lwjgl-glfw-3.3.3.jar
[Architectury Transformer DEBUG]  - C:\Users\nicod\.gradle\caches\modules-2\files-2.1\org.lwjgl\lwjgl-jemalloc\3.3.3\b543467b7ff3c6920539a88ee602d34098628be5\lwjgl-jemalloc-3.3.3.jar
[Architectury Transformer DEBUG]  - C:\Users\nicod\.gradle\caches\modules-2\files-2.1\org.lwjgl\lwjgl-openal\3.3.3\daada81ceb5fc0c291fbfdd4433cb8d9423577f2\lwjgl-openal-3.3.3.jar
[Architectury Transformer DEBUG]  - C:\Users\nicod\.gradle\caches\modules-2\files-2.1\org.lwjgl\lwjgl-opengl\3.3.3\2f6b0147078396a58979125a4c947664e98293a\lwjgl-opengl-3.3.3.jar
[Architectury Transformer DEBUG]  - C:\Users\nicod\.gradle\caches\modules-2\files-2.1\org.lwjgl\lwjgl-stb\3.3.3\25dd6161988d7e65f71d5065c99902402ee32746\lwjgl-stb-3.3.3.jar
[Architectury Transformer DEBUG]  - C:\Users\nicod\.gradle\caches\modules-2\files-2.1\org.lwjgl\lwjgl-tinyfd\3.3.3\82d755ca94b102e9ca77283b9e2dc46d1b15fbe5\lwjgl-tinyfd-3.3.3.jar
[Architectury Transformer DEBUG]  - C:\Users\nicod\.gradle\caches\modules-2\files-2.1\org.lwjgl\lwjgl\3.3.3\29589b5f87ed335a6c7e7ee6a5775f81f97ecb84\lwjgl-3.3.3.jar
[Architectury Transformer DEBUG]  - C:\Users\nicod\.gradle\caches\modules-2\files-2.1\org.slf4j\slf4j-api\2.0.17\d9e58ac9c7779ba3bf8142aff6c830617a7fe60f\slf4j-api-2.0.17.jar
[Architectury Transformer DEBUG]  - C:\Users\nicod\Downloads\stuck_arrows_for_all-1.21.11\stuck_arrows_for_all-1.21.11\.gradle\loom-cache\minecraftMaven\net\minecraft\minecraft-merged-06c5b3cb2e\1.21.11-loom.mappings.1_21_11.layered+hash.40545-v2\minecraft-merged-06c5b3cb2e-1.21.11-loom.mappings.1_21_11.layered+hash.40545-v2.jar
[Architectury Transformer DEBUG]  - C:\Users\nicod\.gradle\caches\modules-2\files-2.1\io.netty\netty-transport-native-epoll\4.2.7.Final\e83998bfc10b5289d9bcbe807c4079ef0eed8e6f\netty-transport-native-epoll-4.2.7.Final-linux-x86_64.jar
[Architectury Transformer DEBUG]  - C:\Users\nicod\.gradle\caches\modules-2\files-2.1\io.netty\netty-transport-native-epoll\4.2.7.Final\98d02251c98c8f07a23ac5ea27657d9e0ef57614\netty-transport-native-epoll-4.2.7.Final-linux-aarch_64.jar
[Architectury Transformer DEBUG]  - C:\Users\nicod\.gradle\caches\modules-2\files-2.1\io.netty\netty-transport-native-kqueue\4.2.7.Final\40868fd4e43bce2798245f790624b58803dc26b6\netty-transport-native-kqueue-4.2.7.Final-osx-x86_64.jar
[Architectury Transformer DEBUG]  - C:\Users\nicod\.gradle\caches\modules-2\files-2.1\io.netty\netty-transport-native-kqueue\4.2.7.Final\e5a0feef41410c8a5ae00c6cb4e0c99bd0aded6a\netty-transport-native-kqueue-4.2.7.Final-osx-aarch_64.jar
[Architectury Transformer] Read classpath in 1.730 s
[Architectury Transformer DEBUG] Remapping Classes:
[Architectury Transformer DEBUG] net/fabricmc/api/EnvType -> net/minecraftforge/api/distmarker/Dist
[Architectury Transformer DEBUG] net/fabricmc/api/Environment -> net/minecraftforge/api/distmarker/OnlyIn
[Architectury Transformer DEBUG] Found class transformer
[Architectury Transformer DEBUG] Writing traben/entity_pin_cushions/PinCushionLayer with maxs=true frames=true
[Architectury Transformer DEBUG] Writing traben/entity_pin_cushions/PinCushionLayer$BeeStingerLayer with maxs=true frames=true
[Architectury Transformer DEBUG] Writing traben/entity_pin_cushions/PinCushionLayer$ArrowLayer with maxs=true frames=true
[Architectury Transformer DEBUG] Writing traben/entity_pin_cushions/EntityPinCushions with maxs=true frames=true
[Architectury Transformer DEBUG] Writing traben/entity_pin_cushions/mixin/MixinEntityRenderDispatcher with maxs=true frames=true
[Architectury Transformer DEBUG] Writing traben/entity_pin_cushions/mixin/MixinAddLayer with maxs=true frames=true
[Architectury Transformer DEBUG] Checking whether /entity_pin_cushions.mixins.json is a mixin config.
[Architectury Transformer DEBUG] Checking whether /entity_pin_cushions-common-1.21.11-common-refmap.json is a mixin config.
[Architectury Transformer DEBUG] Found mixin config(s): entity_pin_cushions.mixins.json
[Architectury Transformer DEBUG] Injecting MixinConfigs into /META-INF/MANIFEST.MF
[Architectury Transformer DEBUG] Remapping refmap from intermediary to srg: entity_pin_cushions-common-1.21.11-common-refmap.json
[Architectury Transformer DEBUG] Remapped refmap value Lnet/minecraft/class_922;<init>(Lnet/minecraft/class_5617$class_5618;Lnet/minecraft/class_583;F)V -> Lnet/minecraft/client/renderer/entity/LivingEntityRenderer;<init>(Lnet/minecraft/client/renderer/entity/EntityRendererProvider$Context;Lnet/minecraft/client/model/EntityModel;F)V
[Architectury Transformer DEBUG] Remapped refmap value Lnet/minecraft/class_898;method_72977(Lnet/minecraft/class_1297;F)Lnet/minecraft/class_10017; -> Lnet/minecraft/client/renderer/entity/EntityRenderDispatcher;m_418641_(Lnet/minecraft/world/entity/Entity;F)Lnet/minecraft/client/renderer/entity/state/EntityRenderState;
[Architectury Transformer DEBUG] Remapped refmap value Lnet/minecraft/class_922;<init>(Lnet/minecraft/class_5617$class_5618;Lnet/minecraft/class_583;F)V -> Lnet/minecraft/client/renderer/entity/LivingEntityRenderer;<init>(Lnet/minecraft/client/renderer/entity/EntityRendererProvider$Context;Lnet/minecraft/client/model/EntityModel;F)V
[Architectury Transformer DEBUG] Remapped refmap value Lnet/minecraft/class_898;method_72977(Lnet/minecraft/class_1297;F)Lnet/minecraft/class_10017; -> Lnet/minecraft/client/renderer/entity/EntityRenderDispatcher;m_418641_(Lnet/minecraft/world/entity/Entity;F)Lnet/minecraft/client/renderer/entity/state/EntityRenderState;
[Architectury Transformer DEBUG] Closed File Systems for C:\Users\nicod\Downloads\stuck_arrows_for_all-1.21.11\stuck_arrows_for_all-1.21.11\common\build\libs\entity_pin_cushions-common-1.21.11-1.1-transformProductionForge.jar
[Architectury Transformer] Transformed jar with 7 transformer(s) in 2.256 s
[Architectury Transformer DEBUG] Closed File Systems for C:\Users\nicod\Downloads\stuck_arrows_for_all-1.21.11\stuck_arrows_for_all-1.21.11\common\build\libs\entity_pin_cushions-common-1.21.11-1.1.jar
